domain name,responseStart,domInteractive,domComplete
google.com,556.0050000003685,1627.7800000007119,2591.535000001386
facebook.com,489.675000000716,1072.0700000001668,1355.730000001131
youtube.com,56.42000000079861,3779.7350000000733,3812.325000000783
instagram.com,365.5049999997572,593.5950000002778,626.220000000103
doubleclick.net,76.19499999964319,1752.7649999992718,1778.7900000002994
googletagmanager.com,11.80999999996857,1014.2999999989116,1014.4249999993916
googleusercontent.com,26.44999999938591,182.409999999436,182.98499999946216
goo.gl,54.42500000026485,115.78000000008616,151.53499999905762
blogspot.com,380.65499999902397,1012.1749999998427,1286.6950000006912
google-analytics.com,36.07999999985623,1379.079999998794,1514.1999999996187
fbcdn.net,433.1750000001193,1171.0949999996953,1614.4600000006906
myshopify.com,194.1999999999097,4292.120000000068,4293.105000000652
medium.com,1316.6049999999816,2981.5250000010565,6940.8000000003085
google.com.hk,122.18499999835329,462.69499999834807,1076.24499999838
googlevideo.com,21.725000000515138,64.32999999924505,66.74000000020897
cloudflare.com,81.11499999904481,575.8349999996426,701.7500000001745
googleadservices.com,12.169999999969153,74.66500000009545,79.9299999998766
google.co.in,96.67500000068684,221.23500000088825,570.160000001124
tinyurl.com,1081.625000000713,1354.960000000574,5165.020000000368
google.de,116.36499999985972,235.3849999999511,477.19000000142836
yy.com,1618.3000000000902,1673.8100000002305,1701.100000000224
google.co.jp,102.9499999986001,283.8749999991705,529.6799999996438
youtube-nocookie.com,69.20499999978347,143.07000000007974,182.45000000024447
google.com.br,118.175000001429,219.81000000050705,470.0250000005326
google.co.uk,108.5750000002008,200.29500000055125,357.55000000062864
google.cn,66.04999999944994,103.54000000006636,142.0350000007602
blogger.com,132.2149999996327,279.29000000040105,358.1450000001496
fb.com,514.2700000014884,915.3500000011264,1248.8700000012614
google.es,109.73000000012688,288.84499999912805,799.1949999995993
google.fr,109.30000000007568,509.2699999986508,925.2849999993488
google.ru,108.71000000042841,300.73000000083994,629.8999999999069
google.it,104.39500000029513,217.4549999999726,479.1650000006483
gmail.com,157.36999999899123,385.36000000021886,385.7699999989563
android.com,23.31000000049244,77.93499999934284,288.1049999996321
googletagservices.com,68.55999999970663,133.0699999998615,133.16499999928055
addtoany.com,49.10500000005413,164.33499999948253,229.074999999284
google.ca,130.0150000006397,237.77499999960128,486.88500000025664
google.com.sg,121.97500000002036,243.65500000021717,700.0600000010309
google.com.tw,156.4699999998993,363.90500000015885,835.3049999986978
discord.com,101.29000000051748,1942.1500000007654,2177.5850000012724
tandfonline.com,636.2150000004476,960.7599999999367,5152.475000000777
shopify.com,220.56999999949767,8269.524999999703,8282.404999999926
pixabay.com,443.4399999991001,536.4800000006653,685.5599999998958
pki.goog,111.38499999833584,374.7149999999238,427.0099999994272
crashlytics.com,304.07999999988533,622.0400000001972,6957.124999998997
google.com.mx,102.325000001656,360.4150000010122,1111.7900000008376
hubspot.com,99.59999999955471,4679.80499999976,4970.475000000079
google.com.tr,111.28500000086208,395.9600000016508,668.4000000004744
feedburner.com,455.14999999977584,638.7599999998201,689.7649999991701
arnebrachhold.de,46.234999999796855,227.98499999953486,4111.965000000055
google.com.vn,108.11000000103377,309.3349999999192,821.9800000006218
teamviewer.com,2.02999999964959,4070.324999998775,4077.25500000015
worldometers.info,583.3849999999072,4939.309999999749,9047.585000000254
google.co.th,117.7800000004936,387.2799999990093,816.1650000001828
google.pl,145.18000000134634,364.7849999997561,850.3700000001116
business.site,89.35500000006869,858.5700000003271,1015.7199999994192
metropoles.com,66.57499999892025,1126.5949999997247,5260.64999999835
google.com.ar,345.95500000068563,529.1799999995419,982.7550000009066
google.com.sa,106.4750000005006,270.0650000006135,674.9850000014702
google.com.au,236.76999999952386,344.61000000010245,549.6000000002823
google.co.id,119.34000000110242,232.16499999944062,764.3499999994673
google.com.eg,202.25500000015012,404.2000000008557,763.8399999996183
appspot.com,189.169999999649,367.3099999996339,392.6400000000285
fb.me,550.4700000001321,992.4149999988003,1286.3600000000588
pcmag.com,51.46500000046217,4252.015000000029,14574.97499999954
glassdoor.com,666.9000000001688,1786.615000000893,3397.1149999997583
discordapp.com,68.33999999980733,953.510000001188,1190.4100000010658
pexels.com,40.88000000047032,89.06000000024505,259.35000000026776
y2mate.com,138.44000000062806,275.565000001734,442.5050000008923
g.page,272.24000000023807,824.3449999990843,939.9999999986903
messenger.com,931.2250000002678,1214.2250000015338,1604.5900000008262
thepiratebay.org,2428.315000001021,2489.165000000867,2503.2599999995
namu.wiki,634.3649999998887,673.1999999992695,792.8400000000693
gstatic.com,12.424999998984275,47.904999999445856,70.74999999895226
jotform.com,258.3649999996851,5004.799999998795,9339.324999999008
blogspot.co.uk,876.2299999998503,1286.2749999985679,1413.1999999990512
mgid.com,1836.9949999996606,2651.499999999942,6311.464999998862
googleblog.com,159.88500000094064,270.8199999997305,341.7399999998452
google.co.kr,109.48000000098546,304.8350000008213,839.2500000009022
google.com.ua,121.81500000042429,261.42500000059954,510.2850000002945
thelancet.com,1165.8399999996618,1260.1849999991828,1266.0849999992936
getbootstrap.com,167.14999999931024,464.1249999986029,4311.044999998558
withgoogle.com,343.5200000003533,455.9050000007119,1005.1950000015497
fbsbx.com,120.87999999857857,214.86999999979162,215.00999999989293
scmp.com,255.26499999978114,1307.7200000006994,24169.83500000061
google.gr,121.85999999928757,243.57499999860008,626.6049999994719
thegatewaypundit.com,53.629999998520354,4868.829999999434,10513.259999999718
googleapis.com,27.07000000009429,92.97999999944295,93.4099999994942
mixcloud.com,119.57000000074913,1441.7599999997033,4294.354999999996
google.nl,118.9200000007986,248.6200000003009,580.260000000635
google.ro,141.84000000022934,376.2750000005326,623.7700000001496
m.me,906.5199999986363,1147.0099999987724,1521.7549999997573
businessinsider.de,69.24500000059196,8232.485000000452,12267.605000000913
spankbang.com,286.4549999994779,569.2999999992028,4841.834999999264
etoro.com,119.94500000037078,426.3849999988452,12261.02499999979
google.co.ve,104.45999999865309,348.6849999990227,711.0799999991285
viva.co.id,198.22000000021941,772.4550000002638,976.5750000005936
yts.mx,300.9199999996781,939.7399999998016,4407.020000000557
google.com.my,132.77999999991152,236.1200000013924,589.7750000003724
google.be,107.86499999994705,219.97499999997672,571.3050000013027
mdpi.com,61.924999999973814,304.309999999532,538.7900000005175
colorlib.com,331.2499999992724,4601.09999999986,4632.509999999456
dcard.tw,622.3300000001473,1173.6750000000031,5846.700000000055
google.ch,105.4149999999936,364.77999999988236,2283.9249999997264
google.com.ph,110.90499999954771,326.5950000004524,1052.9249999999593
google.co.za,115.74999999902502,406.5499999996973,890.2949999992418
google.cl,121.01000000075146,306.35000000074797,664.2000000010738
thehindu.com,57.01000000044587,306.98500000107737,4435.81500000073
billboard.com,158.06499999962398,600.3949999994803,9595.900000000256
greenpeace.org,339.734999999564,650.6499999995867,819.1050000004907
yolasite.com,493.8299999994342,4655.19999999924,9005.59499999872
doordash.com,90.94999999979336,226.47499999948195,323.96999999946274
google.az,157.19999999964784,615.8400000003894,1889.9300000011865
google.at,183.05500000133182,567.5350000001345,1282.6700000005076
google.com.pk,152.69499999885738,538.8199999997596,1312.0149999995192
teachable.com,763.9099999996687,5021.354999998948,9362.429999999222
g.co,80.98499999869091,124.12499999845751,214.3349999987549
blogspot.ca,865.2899999997318,1220.180000000255,1532.2149999992691
google.dz,111.1799999998766,370.5149999987043,701.7249999989873
elwatannews.com,77.47500000004949,5018.4099999987675,5890.679999998611
iherb.com,144.08000000003085,1110.8000000003813,1163.9200000008714
google.com.pe,115.7550000007177,253.80000000041042,518.2700000004843
clarin.com,70.65999999940686,4243.434999998499,13852.31500000009
cell.com,570.2500000006694,680.3749999999127,697.9549999996381
blogspot.de,798.305000000255,1055.4350000002162,1141.5999999990165
cloudinary.com,152.54499999900872,295.2100000002247,15675.414999999704
athemes.com,407.4199999995472,4537.229999999909,8546.0750000002
about.google,147.29500000066764,313.4900000004564,640.6100000003789
google.pt,105.70499999994354,220.22000000106343,461.0650000013266
pdfdrive.com,108.16499999964435,8169.785000000048,8170.769999998811
google.com.co,125.53500000103668,443.76499999998487,916.2250000008496
000webhost.com,682.6149999997143,1228.2699999996112,1632.51499999933
v2ex.com,734.3650000002527,2019.3550000003602,3739.760000000388
boutell.co.uk,0.24499999926774765,93.3100000002014,98.06500000013331
boingboing.net,635.0849999998901,8716.364999998405,8945.354999999836
google.se,127.01000000015483,308.50500000087777,755.4000000000087
transferwise.com,414.0499999994063,1730.8400000001711,11165.989999999507
buffer.com,599.4449999998324,4823.2199999984,8760.259999999107
codepen.io,37.29000000021188,127.60999999954949,432.30500000026944
macrumors.com,90.2700000006007,785.8699999997043,821.0849999995844
blogspot.com.es,983.9200000005804,1324.0050000003976,1472.6200000004612
google.ae,107.98500000055357,266.43499999954656,541.7149999993853
blogspot.fr,808.1750000001193,1224.6350000004895,1487.2550000000049
arduino.cc,138.48999999936495,1559.1850000000704,9405.169999999998
hamariweb.com,88.04500000042026,1591.2250000001225,9760.9850000008
atlasobscura.com,5866.5299999993285,14161.9099999989,14638.50999999886
google.hu,126.66499999977532,252.93000000056054,548.7450000000537
nerdwallet.com,323.43500000024505,762.9950000009558,6770.669999999882
lifehack.org,91.40999999908672,534.4150000000809,575.55499999944
mass.gov,669.1149999987829,1110.3649999986374,5239.779999999882
google.co.il,106.72999999951573,239.68000000058964,448.5100000001694
hubspot.net,1279.8949999996696,5545.939999999973,18239.8000000012
thinkwithgoogle.com,1222.4050000004354,1581.550000000789,3828.040000000328
recaptcha.net,33.60000000066066,83.02499999990687,83.0900000000838
wireshark.org,563.3400000006078,5937.934999999926,7993.094999999812
chromium.org,393.7850000002072,813.3200000011128,851.0299999998098
google.cz,106.39500000070257,221.41999999985282,503.8349999995262
google.ie,125.21999999989927,248.3849999989616,647.754999999961
retailmenot.com,80.93499999995402,135.19500000074913,4306.000000000495
sciencealert.com,249.72499999967118,4555.470000001151,4563.110000000961
propublica.org,666.4550000004965,1768.2500000009893,4753.775000001042
sabq.org,549.3750000005093,1279.9750000012864,8787.519999999859
rd.com,48.42500000086147,8207.099999999626,12232.255000000803
tawk.to,873.1599999991887,9221.999999999753,13250.814999999422
flightradar24.com,134.40499999887834,845.7999999991442,4182.21999999878
jkforum.net,725.7800000006682,1973.8799999995533,6001.940000000104
blogspot.com.au,947.345000000496,1129.0200000003094,1209.7699999994802
neobux.com,184.08999999883235,266.9999999998254,321.4900000002672
lentainform.com,344.00000000096037,762.1600000002217,4832.884999999806
rte.ie,55.85500000051979,4401.335000000472,4678.5949999994045
google.dk,123.1950000001234,310.08999999903614,733.684999999241
ahajournals.org,1675.820000000385,6357.060000000273,19015.935000001264
ojooo.com,387.42000000092963,4625.8600000001015,8676.209999999628
centrosenervida.com,0.5549999987124465,133.6249999985739,140.8949999986362
andhrajyothy.com,1659.7300000012185,2831.5650000004107,4275.435000001379
google.bg,130.70499999957974,262.6799999998184,553.8400000004914
creativemarket.com,42.499999999563435,101.18999999940573,256.5500000000611
socialblade.com,137.57500000065193,316.7050000010932,321.525000001202
yoast.com,95.9949999996752,413.53999999955704,517.6400000000285
google.sk,118.05499999900348,261.6199999993114,627.3249999994732
chinatimes.com,422.7599999994709,694.8899999988498,5791.074999999182
toppr.com,42.180000000371365,120.5649999992602,297.5349999996979
useinsider.com,61.490000000048894,5699.995000000855,11114.260000000286
blogspot.it,657.4149999996735,1592.2299999983807,1836.9599999987256
page.link,58.90499999986787,119.84500000107799,120.15000000064902
google.fi,112.68500000005587,261.7300000001705,580.9499999995751
templatemonster.com,81.27000000058615,395.3350000010688,4497.3600000012075
news24.com,140.60499999868622,1433.8549999993122,5220.339999999851
udacity.com,456.1149999990448,756.8899999987482,9693.999999999505
e-recht24.de,0.2299999996466795,69.47500000023865,89.50999999979103
encyclopedia.com,72.49500000034459,211.12499999981083,257.77500000003783
crhoy.com,149.98500000001513,4322.13000000047,8312.724999999773
sehatq.com,1346.7250000012427,1847.5749999997788,5542.7900000013315
google.co.nz,120.96000000019558,320.4999999998108,704.8849999991942
lotterypost.com,203.48999999987427,1071.0849999995844,20777.345000000423
google.hr,139.40999999977066,343.89000000010134,659.9850000002334
google.rs,123.17500000062864,263.7700000013865,559.1350000013334
google.lk,113.1150000001071,229.29999999905704,520.7200000004377
geekwire.com,103.76499999983936,4631.4250000014,8639.415000001462
dikaiologitika.gr,61.68000000070606,4583.995000000869,8585.225000000719
wowkeren.com,992.9850000007718,2781.3100000003033,6819.8800000009205
fanfiction.net,41.30500000064785,357.7100000002247,571.4399999997112
akhbarelyom.com,244.93000000074971,2501.900000001115,2680.1699999996345
law.com,184.0250000004744,4307.544999999664,4348.1750000009915
google.com.bd,114.48000000018507,413.4000000012748,947.1850000009
worldwildlife.org,401.1850000006234,4580.495000000155,17022.204999999303
whitepages.com,109.84500000085971,215.6700000014098,220.950000000812
google.no,113.20999999952619,190.96999999965192,365.0300000008429
roozaneh.net,191.81499999831436,226.9299999989016,480.3999999985536
panoramio.com,38.669999999910935,138.83500000156346,183.0500000014581
wpastra.com,1121.5549999997163,1889.3849999985835,2616.859999998269
ad4m.at,99.64000000036322,220.11999999995172,221.0400000003574
standardmedia.co.ke,355.8200000006764,535.4750000005879,4432.360000000699
css-tricks.com,305.07500000021537,8466.814999999771,16483.659999999873
royalcbd.com,52.42999999973107,94.55999999954656,239.5099999994273
google.kz,125.49000000035448,319.1100000003644,733.3900000012362
leo.org,233.21000000032654,814.0000000003056,1023.349999999482
poki.com,125.53500000103668,329.20500000000175,4850.7900000004165
googlecode.com,39.20499999912863,124.92000000020201,163.06000000076892
parliament.uk,161.4700000009179,327.23000000078173,2142.9900000002813
vecteezy.com,595.0499999999009,1266.2899999995716,7393.739999999525
uptobox.com,66.10499999987951,783.1749999986641,969.6049999984098
adbtc.top,183.12000000150874,643.434999999954,4347.980000000462
glassdoor.co.in,345.04000000015367,724.4100000007165,3430.4049999991553
adskeeper.co.uk,95.0700000012148,185.9000000004016,193.38000000061584
ghanaweb.com,96.36999999929684,358.539999999266,770.6949999992502
blogspot.com.br,901.6050000009272,1172.024999999849,1276.6449999999168
google.lt,127.97499999942372,265.6799999986106,527.5299999993877
blogspot.nl,391.8649999995978,572.6599999998142,674.7099999993225
marinetraffic.com,120.45500000022,160.63000000031025,506.94500000099646
esheeq.net,47.744999999849824,163.4549999998853,172.43000000053144
whatismyipaddress.com,456.76000000094064,923.3000000003814,3634.9000000009255
blogspot.jp,805.9300000004442,1205.5550000004587,1272.0449999997072
watanserb.com,413.06000000076887,2194.6850000003906,6167.520000000876
schema.org,35.77500000028522,302.87500000122236,467.3700000003009
google.com.qa,131.21499999942898,275.5300000007992,574.0200000000186
google.co.ma,179.309999999532,318.51499999902444,727.8649999989284
thriveglobal.com,613.4149999998044,1288.4099999992031,1975.9699999995066
adyen.com,63.49500000033004,1156.3499999992928,2721.434999999474
zoomit.ir,415.1149999997869,1384.3750000014554,1684.7649999999703
tasteofhome.com,70.39499999882538,8268.479999998817,12295.974999999087
google.com.ly,110.03999999957159,307.23000000034517,628.1300000009651
google.by,112.409999999727,239.20999999972992,644.0750000001573
vklass.se,490.91000000044005,4868.484999999056,8734.849999998914
beauty321.com,2116.3649999998597,3236.720000000787,6449.814999999944
jagonews24.com,966.6349999988596,1724.5549999988723,2355.05000000012
crowd1.com,214.20500000022,920.124999998734,4923.259999999573
golang.org,263.8650000008056,493.8000000001921,1420.7100000003265
ennaharonline.com,141.34500000000116,1128.469999999652,4957.6949999991475
turbo.az,168.4400000012829,4389.0100000007815,8750.740000001315
tap.az,536.8499999985943,1094.8349999998754,6490.490000000135
google.com.ec,118.06500000056984,386.5500000010797,1204.5250000010128
telugustop.com,1345.674999998664,6494.810000000143,14572.844999998779
laleggepertutti.it,63.39500000103725,8183.360000000905,9092.094999999972
omegle.com,30.964999999923748,403.36999999999534,1045.1200000006793
hltv.org,87.91500000006636,721.4899999999034,5149.790000001303
whmcs.com,680.8199999995851,1231.2699999984034,5356.614999998783
google.com.do,131.51000000107157,381.18500000018685,656.9450000006328
socialmediaexaminer.com,87.34499999991384,4433.909999999742,8680.695000000924
vitalsource.com,426.9899999999325,908.4100000000036,5265.51500000096
jut.su,204.4000000005326,4364.475000000311,4687.3599999999
fragrantica.com,445.0049999995826,530.9749999996711,846.6550000011923
pmi.org,153.68000000125903,377.10000000151916,429.004999999961
androidpolice.com,253.74499999998082,5564.800000000105,9570.480000000316
annals.org,2691.530000000057,3644.2150000002575,7554.13000000044
coingecko.com,246.38000000049942,1210.9049999999115,5889.885000000504
acpjournals.org,673.1199999994715,1476.9449999985227,5241.804999999658
google.com.kw,106.70500000014728,376.73499999982596,1199.3399999992107
fishki.net,352.53499999998894,5635.42999999845,9762.199999999211
corporatefinanceinstitute.com,1650.2949999994598,6114.445000001069,12547.754999999597
rapidtables.com,82.26500000091619,4389.455000000453,9632.499999999709
google.com.ng,237.90499999995518,1003.5399999997026,1920.254999999088
blogspot.ru,538.3600000004661,904.0299999996932,1036.3049999996292
scitation.org,869.1949999993085,2550.489999999627,6792.3549999995885
pianmenw.com,133.19500000034168,319.87999999910244,323.2299999999668
sportzwiki.com,1019.4099999989703,1945.5749999997352,5326.729999998861
bibox.com,1454.105000000709,11243.290000000345,11248.115000000325
rae.es,283.52000000086264,1107.9850000005536,1452.1350000013626
google.lv,122.90000000029976,349.5050000001356,920.734999999695
encuentra24.com,578.815000000759,4818.310000000565,8833.465000001523
google.iq,113.39999999836435,247.23999999878288,539.8399999994582
shahid4u.one,652.4850000005246,5281.025000000227,23310.304999999058
blogspot.se,1006.9100000000617,1240.895000000819,1393.6850000009147
smartinsights.com,110.82499999974968,923.1949999993958,5067.010000000664
warriorplus.com,871.4949999994133,6131.155000000945,14017.180000000735
harrods.com,2070.3549999998363,2780.070000000705,2791.230000000723
annualreviews.org,521.5250000001106,4889.909999999873,8612.759999999978
hostinger.com,60.47000000035041,538.0649999988236,3348.7150000000843
hse.gov.uk,180.884999999762,784.6300000001065,4553.984999998647
clickagy.com,570.6049999989773,2008.3699999995588,18666.98499999984
crisp.chat,136.10000000153374,307.7200000006997,4314.560000000711
googleoptimize.com,12.050000001181614,80.07499999985156,85.560000001351
linode.com,233.7749999987864,582.0050000002084,765.0749999993421
google.co.ao,104.4000000001688,333.43000000058964,1007.4499999991533
google.si,106.27000000022235,277.04499999890686,546.9699999994191
16personalities.com,233.5600000005797,718.1650000002264,895.6450000005133
mynewsdesk.com,570.4550000009476,8636.189999999258,12638.5250000003
runescape.wiki,470.115000000078,1216.7499999995925,1940.8050000001824
fullhdfilmizlesene.com,148.3250000001135,358.70000000068114,468.2899999988877
cettire.com,210.784999999305,12373.439999999393,28878.324999999677
parade.com,50.33999999977822,260.9599999996135,688.6999999987892
wordcounter.net,438.9150000006338,1064.8349999992206,1234.1699999997218
slidesgo.com,172.30500000005122,4531.000000000859,8553.160000001299
jamendo.com,198.91500000085216,4340.8350000008795,4860.215000000608
colourpop.com,452.5199999989127,8587.944999999308,28615.374999999403
google.tn,112.56500000126834,225.8899999997084,486.45500000020553
google.org,91.84999999888531,429.1899999989255,454.3599999997241
google.jo,114.25000000053842,220.07500000108848,490.9550000011223
yalla-shoot.com,656.6100000000006,943.8850000005914,1569.020000000819
lasvegassun.com,896.3500000008936,1328.3150000006572,5350.814999999784
tweaktown.com,65.5800000004092,4250.28999999995,4255.854999999428
vu.nl,1024.039999998422,5740.434999999707,6070.989999998346
fresherslive.com,122.4849999998696,485.9550000001036,793.0349999987811
google.com.uy,361.35999999896734,500.87999999959715,751.6299999988405
taroot-rangi.com,99.84500000064145,334.2550000015762,4332.159999999931
pressherald.com,497.9849999999715,12767.555000000357,24905.18499999962
redgifs.com,50.429999999323634,16475.10499999953,20640.01999999892
indosport.com,527.2050000003219,4974.145000000135,8993.080000000191
pjmedia.com,1457.4049999991987,9278.709999998682,12382.289999999555
friendfeed.com,0.24499999926774765,116.93999999988593,136.11999999920954
piliapp.com,105.82000000067636,406.2950000006822,419.0999999991618
nation.africa,152.9499999996915,615.9399999996822,5444.5249999989755
storeboard.com,367.58000000008906,646.4450000003127,735.6900000013411
lihkg.com,440.8700000003592,574.7499999997673,621.3050000005751
mundosexanuncio.com,461.7849999995087,759.1350000002421,768.7900000000809
avgle.com,130.25999999990745,8788.795000000391,12828.354999999648
ficbook.net,271.41999999912514,4970.4599999986385,8970.524999998815
bloombergquint.com,256.04999999995925,4458.709999998973,12351.754999999685
brstej.com,346.85999999965134,440.20499999896856,4450.78999999896
ole.com.ar,886.0399999994115,5064.484999998967,14189.875000000031
tensorflow.org,284.40500000033353,917.3350000000937,5782.040000000053
gab.com,605.7249999994383,1109.919999998965,2667.9199999998677
ilfattoquotidiano.it,82.67999999952734,1740.7899999998333,5818.734999998925
mtlnovel.com,207.73000000008324,529.7100000007049,1103.5500000016327
ufreegames.com,69.26500000008673,292.97500000029686,1283.0950000006849
jbhifi.com.au,369.31000000004127,8699.839999999313,28577.090000000684
secnews.gr,1020.8149999998567,1425.1249999997524,21196.78500000009
fashionnova.com,296.24500000136317,4536.584999999832,20446.81000000128
openclassrooms.com,1471.4599999988422,1626.4749999991186,1668.969999998808
onlinekhabar.com,65.23500000002969,5024.844999999914,8234.959999999774
googlegroups.com,650.9550000009767,0.0,0.0
exe.io,456.6000000013446,504.4250000009925,4606.0250000009555
texastribune.org,55.8950000013283,283.7600000002567,4527.299999999741
dailypost.ng,599.6799999993527,699.4599999998172,1082.6099999994767
betfair.com,166.25999999996566,4358.620000000883,9237.699999999677
faceit.com,245.61999999968967,5914.259999999558,9933.665000000474
shapeways.com,1540.8150000002936,2800.419999999576,6667.900000000373
fontspace.com,990.4850000002624,1310.0249999988596,5316.820000000007
mosaiquefm.net,287.77500000069267,2337.0300000005955,5283.304999999018
psychiatryonline.org,2678.8999999989755,3298.1849999996484,7317.684999999983
alternativeto.net,602.469999999812,4885.9749999992355,8696.584999999686
google.ba,123.5049999995681,318.3750000007421,613.004999999248
armorgames.com,392.1699999991688,5053.320000000895,12533.074999999373
kingston.com,736.9400000006862,5499.514999999519,9555.420000000595
truthout.org,185.12999999984456,963.9950000000681,2506.5150000009453
die.net,664.745000000039,767.59999999922,844.3850000003295
thehackernews.com,373.5250000008818,419.67000000113336,549.4550000003073
google.com.mm,131.01000000096974,398.96000000044296,682.1900000013558
lowyat.net,377.9100000010657,1164.7050000010495,4612.085000000661
gigazine.net,1436.840000000302,2038.9049999994315,7635.944999999991
a2hosting.com,1761.0199999999168,6403.355000000373,16278.80499999992
connectad.io,777.2049999985028,4836.4050000000125,4855.244999998831
google.ee,125.46000000111236,220.1299999996991,350.9500000000116
google.com.sv,122.06999999943943,238.83999999998198,489.2299999992247
google.com.cu,220.71499999947258,348.3850000011444,604.4750000000931
jugantor.com,495.25999999968917,1516.0000000014404,4544.9399999997695
hkgolden.com,377.4799999991956,4676.244999998744,9314.324999999373
nobitex.ir,1797.6599999983594,1904.5249999999207,2738.319999998567
google.com.gt,121.02500000037253,239.15999999917403,503.9699999997538
okp.com,0.9300000001530859,200.8850000001985,216.7800000006537
mg.co.za,132.3149999989255,1286.244999999326,4434.284999999363
sennheiser.com,184.769999999844,487.0049999990442,974.2549999991753
google.cm,129.08000000061293,418.33000000042375,956.545000000915
google.co.cr,130.88499999867054,372.8249999985565,854.9149999998918
bulbagarden.net,309.7600000000966,859.2349999998987,3433.114999999816
whatismyip.com,1342.6799999997454,5768.135000000258,6089.325000000827
mind.org.uk,324.4500000000698,4744.445000000269,8675.779999999577
wuxiaworld.com,59.95500000062748,4410.789999999906,8170.664999999643
camelcamelcamel.com,50.08499999894411,84.66500000031373,86.94499999910477
google.com.bo,137.86000000072818,255.10000000031138,509.8950000010518
yummly.com,1518.8550000002579,6207.094999999754,6213.780000000042
jagodangdut.com,880.3850000003878,1121.7799999994895,3362.3699999989185
google.com.np,118.68999999933294,293.9499999993132,537.544999999227
sammobile.com,884.4699999990552,944.3799999990006,5084.054999999353
businessoffashion.com,206.0299999993731,4701.529999998455,20308.03999999989
blogspot.be,619.5649999990565,807.7049999992596,883.9099999986502
goop.com,938.6149999991176,5402.649999999994,9001.329999999143
enotes.com,46.67999999946914,95.52500000063446,4271.080000000438
rawgit.com,436.6250000002765,666.2099999994097,726.6099999997093
cyberciti.biz,39.394999999785796,105.83000000042378,190.4749999994237
smadex.com,0.18000000090978574,204.2799999999261,209.20500000102038
beforeitsnews.com,1079.0999999990165,1488.5749999994007,6803.80999999943
skyscrapercity.com,317.55499999962916,765.3449999997972,4797.520000000077
google.com.py,125.97999999888998,245.37499999860302,506.91999999980914
google.com.bh,112.3200000001816,240.13000000013562,528.374999999869
keywordtool.io,538.604999999734,1005.1449999991746,5055.135000000519
listverse.com,500.97500000083534,660.7600000006641,763.8150000002498
sportsmansoutdoorsuperstore.com,1017.985000000408,1522.420000001148,5250.560000000405
opensubtitles.org,178.40499999874737,4769.389999999476,8704.714999999851
gymshark.com,277.48500000052445,8472.004999999626,16462.58999999918
yifysubtitles.org,664.4950000008976,2011.029999999664,5288.495000000694
narrative.io,220.40000000015428,1189.0000000003056,1438.9750000009371
jomashop.com,164.7049999992305,279.16499999992084,14397.709999999282
servimg.com,117.92000000059488,4189.280000000508,4194.675000000642
zblogcn.com,705.7000000004336,737.8850000004602,2152.1650000013324
actionnetwork.org,735.1550000003044,5103.675000000294,5200.269999999364
shopifypreview.com,247.74000000070373,8299.275000001217,8300.585000000865
google.com.lb,104.02500000054717,371.7350000006263,887.5800000005256
redstate.com,44.20500000014727,236.63499999929627,418.8349999985803
smarttradecoin.com,606.6399999999702,5048.4749999995975,5805.22000000019
brightlocal.com,46.299999999973814,490.9449999995559,7425.704999999651
gotporn.com,173.0850000003556,4519.114999999147,8383.749999999054
workplace.com,587.4199999998383,1430.0950000015293,2518.8450000005105
google.co.ke,122.91499999992085,560.7600000003004,1606.450000001132
chrono24.com,88.53500000077473,804.0650000002643,1921.0000000002765
google.ge,139.14499999918914,391.0999999989143,1138.5299999983545
google.cat,96.49999999965077,300.0050000009652,1015.2300000008836
yankodesign.com,795.2600000007808,857.1599999995668,1082.2750000006636
apkmirror.com,47.80500000015309,111.20500000106405,218.77000000131372
cloudflare-dns.com,855.2749999998923,2162.945000000036,5015.499999999521
google.com.kh,123.410000000149,294.91000000052736,647.080000000642
google.lu,104.4000000001688,219.91499999967343,461.2550000001647
chrome.com,72.78500000029453,306.40500000117754,639.8349999999483
yangsenshoubao.com,54.47500000082072,125.93999999990044,127.25500000124157
destructoid.com,312.15500000143953,4660.075000001598,8740.360000001601
cibercuba.com,48.00500000055763,268.9050000008137,5954.395000000659
smrtb.com,78.71499999964726,8229.865000001155,16253.425000000789
clutch.co,218.5700000009092,260.48000000082544,12279.560000000856
blogspot.mx,888.2099999991624,1179.9099999989267,1380.2899999991496
googlehosted.com,1.2849999984609894,122.47500000012224,127.91499999912048
ethnos.gr,92.41500000098313,1190.855000000738,5193.8050000007925
blogspot.ch,816.1499999987427,1027.4699999990844,1142.3999999988155
moveon.org,667.4249999996391,8914.449999998396,9027.764999998908
google.am,123.38500000078056,678.8200000009965,1279.3999999994412
gcu.edu,82.76499999919906,370.27499999931024,8235.984999999346
google.hn,124.7849999999744,312.275000000227,804.5700000002397
google.com.om,119.08000000039465,417.8099999990082,792.250000000422
google.com.pr,148.70499999960884,416.9399999991583,1047.1999999990658
google.cd,113.98000000008324,283.29999999914435,747.5899999990361
cookieconsent.com,52.255000000513974,179.21500000011292,607.029999999213
google.com.ni,1268.9100000006877,1383.4700000006706,1651.8450000003213
icook.tw,688.1600000015169,784.3850000008388,5063.815000001341
jewishvirtuallibrary.org,88.55000000039581,256.48499999988417,1035.0149999994755
woyaowz.cn,69.99499999983527,205.30000000144355,312.35000000015134
ionicframework.com,347.4000000005617,1659.8549999998795,19150.480000000243
fee.org,1311.279999999897,5492.500000000291,5588.965000000826
zurb.com,549.0599999993718,1028.1149999991612,3638.664999998582
google.ci,126.82499999937136,354.8250000003464,948.8099999998668
blogspot.gr,907.8050000007353,1282.9600000004575,1472.6050000008402
quantummetric.com,872.4449999990611,2065.324999999575,8120.2699999994375
weiqingbao.cc,660.6250000004368,6390.445000000909,11296.81999999957
google.com.et,105.45499999898311,212.7650000002177,589.8349999988567
vivo.sx,96.66999999899416,4294.59499999939,8299.049999999625
faucetpay.io,452.7049999996962,955.7550000008632,1204.859999999826
newsbeast.gr,288.5350000015024,2281.2900000008085,5639.890000000379
privacypolicygenerator.info,176.0249999988446,230.90500000034808,348.35500000008324
accountkit.com,0.23999999939405825,126.62499999896679,136.30499999999302
google.mu,110.64999999871357,319.76500000018865,858.3399999988617
google.mn,128.97999999950116,336.0950000005687,775.5950000009761
backblaze.com,1560.960000000705,5943.09500000054,9767.990000000282
123milhas.com,1102.664999998524,1274.409999999989,2667.3549999995885
privacypolicyonline.com,46.88999999962107,80.41500000035741,425.3799999987677
carsforsale.com,36.95499999957975,77.67999999850872,269.8549999986426
phillymag.com,908.370000001014,9334.800000000541,13296.314999999597
gradeup.co,84.19000000139931,306.2950000003184,438.9000000010128
lectortmo.com,697.8950000011537,5016.09500000086,6804.335000000719
blogblog.com,760.019999999713,821.3049999994838,829.4700000005832
tailorbrands.com,87.49499999976251,4775.634999999966,9769.804999999906
top.gg,140.929999999571,225.02999999960602,506.6050000004908
shiftdelete.net,168.77500000009604,9472.49499999998,13469.364999999016
vdo.ai,310.7700000000478,2182.4849999993603,5695.5849999994825
buymeacoffee.com,161.34999999849242,1071.654999999737,4805.404999999155
blogspot.com.ar,1112.5300000003335,1599.3299999990995,1772.7899999990768
termly.io,376.33500000083603,532.4300000011135,907.0250000004307
google.com.pa,126.35500000033062,373.83000000045286,792.7550000003978
mb.com.ph,1740.2300000012476,1797.4250000006573,1802.225000001272
nation.co.ke,115.6249999985448,424.3699999988166,5279.854999998861
typing.com,54.275000000416185,871.9550000005256,4189.425000000483
blogspot.pt,1199.2099999988568,1530.2599999995434,1668.5699999998178
google.com.af,129.30000000051223,372.05499999981834,757.8849999990781
sixflags.com,109.20499999883758,2860.6799999997747,6527.065000000221
googlesource.com,366.97999999887537,606.499999999869,745.4299999990326
rawpixel.com,790.194999999585,1121.4149999996152,4912.664999999834
google.as,108.67999999936727,232.1599999995669,569.9249999997846
google.is,118.67999999958558,241.55999999857158,763.6849999998958
google.md,124.3849999991653,236.65999999866472,506.76500000008673
google.ht,125.19500000053085,245.30500000037136,546.1400000003778
fragrantica.ru,1095.1850000001286,1167.5500000001193,1345.3750000007856
hotair.com,1716.1200000009558,9867.685000001076,10197.594999999636
gizmochina.com,173.04500000136608,409.4650000006369,4243.665000001784
defimedia.info,474.34499999872077,5559.419999999591,8842.039999999542
thimpress.com,722.2899999997026,1743.1199999991807,5671.094999999697
google.com.mt,107.34999999840514,257.4749999985215,534.6849999987171
escapistmagazine.com,262.9500000002736,4360.599999999977,9672.620000001189
bookshop.org,640.4099999999744,5092.924999999013,8852.699999999459
greatergood.com,367.789999998422,1168.1549999993874,1271.600000000035
cimaclub.io,347.1599999993486,4522.334999999657,5266.250000000582
google.al,110.42499999894062,252.0499999991444,805.7099999987257
steamdb.info,43.32500000055006,140.6200000001263,147.46500000001106
instamojo.com,532.774999999674,6619.090000000142,10138.764999999694
gamefront.com,3254.0599999992987,5113.649999999325,9687.635000000228
google.li,130.62499999978172,592.8800000001502,1431.6349999990052
sefon.pro,95.44500000083643,172.32999999941967,175.1349999995
internetlivestats.com,7.815000000846338,334.2000000011467,356.67500000090513
google.ad,146.5200000002369,623.6549999994168,1143.7449999993987
tecnoblog.net,228.0200000004697,931.094999999914,5248.564999999871
familydoctor.org,1319.0900000008694,2707.3250000012195,6258.325000000696
oceanwp.org,1088.4399999995367,1643.289999999979,6270.410000000992
google.co.mz,108.22499999994758,329.06000000002683,791.6850000001433
staples.ca,234.18499999934284,8340.659999999843,12305.779999998776
google.co.bw,122.98999999984517,233.6350000005041,500.69000000075897
google.com.cy,120.46000000009373,239.0900000009424,587.4500000008993
publicintegrity.org,1115.5299999991257,1525.7099999998902,5427.639999999883
tamildhool.net,86.36000000115018,217.80500000022582,281.97000000000116
google.co.ug,108.70500000055472,236.82999999982712,611.8399999995745
google.com.gh,116.7699999987235,238.9249999996537,514.9849999997969
applvn.com,190.33499999932246,244.40499999946041,383.70500000019086
iisd.org,457.99500000066473,555.8799999998881,894.2999999999303
specialized.com,369.2300000002433,4472.485000000233,12937.715000000027
ttshow.tw,715.9300000002986,1315.8849999999802,5167.234999998982
google.la,111.75999999977648,308.8050000005752,799.4150000013177
google.mg,114.07999999937599,294.449999999415,730.0199999990582
blogspot.ro,1043.8049999993382,1265.7249999992928,1401.7249999997143
bostonmagazine.com,1199.9949999990351,9558.80999999863,11059.619999999995
google.sn,140.625,336.07999999912863,595.2199999992446
google.bs,127.46500000139349,337.42500000153086,846.1250000000291
google.co.uz,112.42499999934809,467.45999999984633,1199.329999999463
