no,domain name,website,status,remote_ip,remote_port,time_appconnect,time_connect,time_namelookup,time_pretransfer,time_redirect,time_starttransfer,time_total
1,google.com,https://www.google.com,ok,172.217.16.132,443.0,0.0,0.036834,0.018267,0.036929,0.0,0.077045,0.077194
2,facebook.com,https://www.facebook.com,ok,157.240.9.35,443.0,0.0,0.042336,0.009961,0.042457,0.0,0.193925,0.30974
3,youtube.com,https://www.youtube.com,ok,172.217.18.110,443.0,0.0,0.029631,0.012297,0.029759,0.0,0.076331,0.665895
7,instagram.com,https://www.instagram.com,ok,185.60.216.174,443.0,0.0,0.034035,0.027751,0.03416,0.0,0.257965,0.259685
18,doubleclick.net,https://www.doubleclick.net,ok,142.250.74.206,443.0,0.0,1.495009,0.013624,1.495121,0.0,1.504995,1.505095
21,googletagmanager.com,https://www.googletagmanager.com,ok,216.58.206.8,443.0,0.0,0.246429,0.012365,0.246548,0.0,0.25805700000000004,0.258143
34,googleusercontent.com,https://www.googleusercontent.com,ok,172.217.23.161,443.0,0.0,0.264689,0.244833,0.264793,0.0,0.274589,0.274699
37,goo.gl,https://www.goo.gl,ok,216.58.212.174,443.0,0.0,2.248575,0.019369,2.2486900000000003,0.0,2.5160560000000003,2.516148
42,blogspot.com,https://www.blogspot.com,ok,172.217.23.137,443.0,0.0,0.243523,0.224472,0.243686,0.0,0.724695,0.724826
45,google-analytics.com,https://www.google-analytics.com,ok,216.58.212.142,443.0,0.0,0.24994,0.007994,0.250045,0.0,0.260835,0.260958
48,fbcdn.net,https://www.fbcdn.net,ok,157.240.9.35,443.0,0.0,1.992954,0.231832,1.993066,0.0,2.22665,2.2267080000000004
55,myshopify.com,https://www.myshopify.com,ok,23.227.38.74,443.0,0.0,0.232508,0.006431999999999999,0.232598,0.0,0.481193,0.481313
67,medium.com,https://www.medium.com,ok,104.16.120.145,443.0,0.0,0.263825,0.245915,0.26394,0.0,0.495683,1.4970139999999998
75,google.com.hk,https://www.google.com.hk,ok,172.217.18.163,443.0,0.0,0.242468,0.230334,0.242621,0.0,0.480483,0.508733
84,googlevideo.com,https://www.googlevideo.com,ok,142.250.74.196,443.0,0.0,0.472967,0.231908,0.473096,0.0,0.482757,0.48286
94,cloudflare.com,https://www.cloudflare.com,ok,104.16.123.96,443.0,0.0,0.243767,0.23729,0.243876,0.0,0.481764,0.491975
95,googleadservices.com,https://www.googleadservices.com,ok,216.58.207.66,443.0,0.0,1.749372,0.015511000000000004,1.7495029999999998,0.0,1.758632,1.7587689999999998
114,google.co.in,https://www.google.co.in,ok,216.58.207.35,443.0,0.0,0.242673,0.23047,0.242798,0.0,0.48074,0.507584
127,tinyurl.com,https://www.tinyurl.com,ok,172.67.1.225,443.0,0.0,0.016245,0.009452,0.016346,0.0,0.7438560000000001,0.743915
131,google.de,https://www.google.de,ok,216.58.208.35,443.0,0.0,0.243366,0.232867,0.243477,0.0,0.471966,0.49894
132,yy.com,https://www.yy.com,ok,103.227.121.100,443.0,0.0,3.499915,0.49198,3.500062,0.0,3.991497,3.991582
146,google.co.jp,https://www.google.co.jp,ok,216.58.207.67,443.0,0.0,0.246623,0.019393,0.24674,0.0,0.495203,0.495375
153,youtube-nocookie.com,https://www.youtube-nocookie.com,ok,172.217.23.110,443.0,0.0,0.244779,0.229696,0.244875,0.0,0.479681,0.5056689999999999
157,google.com.br,https://www.google.com.br,ok,172.217.18.163,443.0,0.0,0.481928,0.47149,0.482055,0.0,0.7215050000000001,0.721657
179,google.co.uk,https://www.google.co.uk,ok,216.58.212.163,443.0,0.0,0.249792,0.23372,0.249918,0.0,0.483786,0.510031
188,google.cn,https://www.google.cn,ok,216.58.206.3,443.0,0.0,0.250997,0.231368,0.251137,0.0,0.481149,0.50713
190,blogger.com,https://www.blogger.com,ok,172.217.23.169,443.0,0.0,1.985202,0.016492,1.985346,0.0,2.2330970000000003,2.233174
200,fb.com,https://www.fb.com,ok,69.171.250.35,443.0,0.0,0.234442,0.229219,0.234561,0.0,0.472617,1.473772
220,google.es,https://www.google.es,ok,172.217.16.195,443.0,0.0,0.251454,0.230375,0.25156300000000004,0.0,0.480383,0.507228
225,google.fr,https://www.google.fr,ok,216.58.212.163,443.0,0.0,0.248367,0.236877,0.248491,0.0,0.487102,0.513684
227,google.ru,https://www.google.ru,ok,216.58.212.131,443.0,0.0,0.242303,0.228585,0.242398,0.0,0.478535,0.505494
244,google.it,https://www.google.it,ok,216.58.208.35,443.0,0.0,0.244667,0.23031,0.244786,0.0,0.480708,0.507666
273,gmail.com,https://www.gmail.com,ok,172.217.23.101,443.0,0.0,0.025275,0.01375,0.025446,0.0,0.24601,0.246227
282,android.com,https://www.android.com,ok,142.250.74.206,443.0,0.0,2.243892,0.250024,2.243985,0.0,2.256571,3.745627
284,googletagservices.com,https://www.googletagservices.com,ok,172.217.22.2,443.0,0.0,0.022283,0.007103,0.022419,0.0,0.245927,0.246031
294,addtoany.com,https://www.addtoany.com,ok,104.22.71.197,443.0,0.0,0.23592800000000005,0.227919,0.23604,0.0,0.25405700000000003,0.2579
298,google.ca,https://www.google.ca,ok,216.58.206.3,443.0,0.0,1.243974,0.014286000000000004,1.244088,0.0,1.489243,1.517992
313,google.com.sg,https://www.google.com.sg,ok,216.58.212.163,443.0,0.0,1.972952,0.245262,1.973091,0.0,2.221711,3.230873
326,google.com.tw,https://www.google.com.tw,ok,172.217.16.131,443.0,0.0,0.240089,0.228761,0.240212,0.0,0.478562,0.50488
333,discord.com,https://www.discord.com,ok,162.159.128.233,443.0,0.0,0.247143,0.239035,0.247252,0.0,0.25847800000000004,0.258542
337,tandfonline.com,https://www.tandfonline.com,ok,104.18.18.218,443.0,0.0,0.245887,0.224514,0.245992,0.0,0.474359,1.475809
341,shopify.com,https://www.shopify.com,ok,104.16.255.71,443.0,0.0,2.249838,0.017228999999999998,2.249945,0.0,2.486696,2.490479
351,pixabay.com,https://www.pixabay.com,ok,104.18.20.183,443.0,0.0,2.2325310000000003,2.002815,2.2326580000000003,0.0,2.975719,2.975819
375,pki.goog,https://www.pki.goog,ok,142.250.74.206,443.0,0.0,2.471439,0.238954,2.471573,0.0,2.484452,2.484536
377,crashlytics.com,https://www.crashlytics.com,ok,216.239.32.29,443.0,0.0,0.026597000000000003,0.014576,0.026711,0.0,0.24607,0.246169
383,google.com.mx,https://www.google.com.mx,ok,142.250.74.195,443.0,0.0,0.247252,0.226784,0.247384,0.0,0.476799,0.5038130000000001
394,hubspot.com,https://www.hubspot.com,ok,199.60.103.30,443.0,0.0,0.244573,0.233033,0.244698,0.0,0.733093,0.738064
415,google.com.tr,https://www.google.com.tr,ok,172.217.22.35,443.0,0.0,0.240158,0.225903,0.240294,0.0,0.476008,0.5021329999999999
419,feedburner.com,https://www.feedburner.com,ok,142.250.74.206,443.0,0.0,0.247764,0.235584,0.247867,0.0,0.472515,0.49834
426,arnebrachhold.de,https://www.arnebrachhold.de,ok,172.67.130.228,443.0,0.0,0.245229,0.010892,0.24533600000000005,0.0,0.493344,0.493486
444,google.com.vn,https://www.google.com.vn,ok,216.58.205.227,443.0,0.0,0.242802,0.013836,0.242916,0.0,0.49163,0.520762
461,teamviewer.com,https://www.teamviewer.com,ok,104.16.62.16,443.0,0.0,2.488121,0.011909,2.488263,0.0,2.735348,2.73542
469,worldometers.info,https://www.worldometers.info,ok,104.26.5.2,443.0,0.0,0.24567,0.238424,0.245775,0.0,0.483946,0.501869
496,google.co.th,https://www.google.co.th,ok,172.217.21.195,443.0,0.0,0.246359,0.015007,0.246473,0.0,0.4950310000000001,1.496151
511,google.pl,https://www.google.pl,ok,216.58.212.163,443.0,0.0,0.023676,0.011362,0.023782,0.0,0.249738,0.276068
517,business.site,https://www.business.site,ok,216.58.207.46,443.0,0.0,4.00015,2.237919,4.0003160000000015,0.0,4.223053,4.248889
518,metropoles.com,https://www.metropoles.com,ok,104.18.24.118,443.0,0.0,1.493588,0.0097,1.49373,0.0,1.729927,1.747769
544,google.com.ar,https://www.google.com.ar,ok,172.217.23.99,443.0,0.0,0.255467,0.241233,0.255605,0.0,0.491238,0.491366
545,google.com.sa,https://www.google.com.sa,ok,216.58.208.35,443.0,0.0,0.240769,0.2265780000000001,0.240909,0.0,0.47666,0.502796
560,google.com.au,https://www.google.com.au,ok,216.58.207.35,443.0,0.0,1.240383,0.010801,1.240506,0.0,1.489257,1.489413
561,google.co.id,https://www.google.co.id,ok,172.217.21.195,443.0,0.0,0.248928,0.236858,0.249044,0.0,0.487057,0.513012
590,google.com.eg,https://www.google.com.eg,ok,216.58.212.131,443.0,0.0,0.253181,0.235559,0.253308,0.0,0.4745470000000001,0.724291
610,appspot.com,https://www.appspot.com,ok,172.217.23.110,443.0,0.0,1.2571450000000002,0.01822,1.2572530000000002,0.0,1.26672,1.266852
624,fb.me,https://www.fb.me,ok,157.240.9.35,443.0,0.0,0.728543,0.473956,0.7286600000000001,0.0,0.974021,0.974091
631,pcmag.com,https://www.pcmag.com,ok,104.17.142.99,443.0,0.0,0.014478,0.00824,0.014581,0.0,0.246623,0.256206
647,glassdoor.com,https://www.glassdoor.com,ok,104.17.91.51,443.0,0.0,0.23734,0.232318,0.237448,0.0,0.472926,1.474064
668,discordapp.com,https://www.discordapp.com,ok,162.159.129.233,443.0,0.0,0.018362,0.009158,0.018472,0.0,0.24121,1.242133
675,pexels.com,https://www.pexels.com,ok,104.17.209.102,443.0,0.0,0.241468,0.235746,0.241585,0.0,0.26603000000000004,0.485493
683,y2mate.com,https://www.y2mate.com,ok,104.23.131.73,443.0,0.0,0.236051,0.22865,0.236192,0.0,0.478246,1.481365
695,g.page,https://www.g.page,ok,142.250.74.206,443.0,0.0,0.244609,0.230152,0.244716,0.0,0.480076,0.480151
711,messenger.com,https://www.messenger.com,ok,157.240.9.18,443.0,0.0,1.98273,0.010329,1.982871,0.0,3.2563720000000003,4.758892
740,thepiratebay.org,https://www.thepiratebay.org,ok,162.159.136.6,443.0,0.0,2.73083,2.724189,2.7309810000000003,0.0,3.4738550000000004,3.474002
749,namu.wiki,https://www.namu.wiki,ok,104.16.181.45,443.0,0.0,1.991169,1.975156,1.991279,0.0,2.224955,3.225997
752,gstatic.com,https://www.gstatic.com,ok,142.250.74.195,443.0,0.0,1.484269,0.012667,1.484384,0.0,1.496571,1.496684
757,jotform.com,https://www.jotform.com,ok,104.23.133.11,443.0,0.0,0.24739,0.239974,0.247515,0.0,0.740017,0.998179
762,blogspot.co.uk,https://www.blogspot.co.uk,ok,172.217.23.137,443.0,0.0,0.246687,0.014689,0.246801,0.0,0.4952220000000001,0.522233
774,mgid.com,https://www.mgid.com,ok,104.19.136.78,443.0,0.0,0.017981,0.011311,0.018083,0.0,1.988111,2.244477
787,googleblog.com,https://www.googleblog.com,ok,216.58.208.33,443.0,0.0,2.021976,0.027884,2.022085,0.0,2.241276,2.241402
790,google.co.kr,https://www.google.co.kr,ok,216.58.206.3,443.0,0.0,0.243058,0.232744,0.243168,0.0,0.48264,0.508691
797,google.com.ua,https://www.google.com.ua,ok,172.217.23.131,443.0,0.0,0.25344,0.239517,0.253566,0.0,0.489549,0.515872
814,thelancet.com,https://www.thelancet.com,ok,104.18.123.114,443.0,0.0,0.247359,0.239691,0.247481,0.0,0.478679,1.479977
850,getbootstrap.com,https://www.getbootstrap.com,ok,104.22.58.100,443.0,0.0,0.250633,0.011248,0.250748,0.0,0.490807,0.490918
873,withgoogle.com,https://www.withgoogle.com,ok,172.217.23.113,443.0,0.0,1.519673,0.018272,1.519795,0.0,1.99564,1.995702
877,fbsbx.com,https://www.fbsbx.com,ok,157.240.9.18,443.0,0.0,0.236726,0.011996,0.236862,0.0,0.485379,0.48576
887,scmp.com,https://www.scmp.com,ok,104.17.184.66,443.0,0.0,0.470372,0.235727,0.4704680000000001,0.0,0.970054,4.733694
890,google.gr,https://www.google.gr,ok,172.217.21.195,443.0,0.0,0.258787,0.244739,0.258888,0.0,0.49472,0.494878
903,thegatewaypundit.com,https://www.thegatewaypundit.com,ok,172.67.41.88,443.0,0.0,0.051787,0.032146,0.051971,0.0,0.069574,0.098956
934,googleapis.com,https://www.googleapis.com,ok,172.217.16.170,443.0,0.0,1.477643,0.005822,1.477752,0.0,1.488801,1.488884
935,mixcloud.com,https://www.mixcloud.com,ok,104.20.5.36,443.0,0.0,0.485073,0.008868000000000001,0.485193,0.0,0.7306020000000001,0.7318520000000001
943,google.nl,https://www.google.nl,ok,216.58.212.131,443.0,0.0,0.25418,0.240843,0.254287,0.0,0.517311,0.741224
958,google.ro,https://www.google.ro,ok,172.217.23.99,443.0,0.0,0.253232,0.241694,0.253363,0.0,0.491731,0.518301
978,m.me,https://www.m.me,ok,157.240.9.18,443.0,0.0,1.985658,0.233542,1.98577,0.0,2.233308,2.23337
1014,businessinsider.de,https://www.businessinsider.de,ok,104.22.66.154,443.0,0.0,1.7540220000000002,0.012234,1.7541240000000002,0.0,1.990747,1.998358
1033,spankbang.com,https://www.spankbang.com,ok,104.19.137.100,443.0,0.0,0.235118,0.228409,0.23523,0.0,0.7283069999999999,0.728438
1036,etoro.com,https://www.etoro.com,ok,104.18.18.67,443.0,0.0,0.484486,0.470809,0.484602,0.0,0.72032,0.726626
1044,google.co.ve,https://www.google.co.ve,ok,216.58.208.35,443.0,0.0,0.243787,0.013046,0.243905,0.0,0.49257,1.493817
1054,viva.co.id,https://www.viva.co.id,ok,172.67.18.44,443.0,0.0,1.250487,1.226495,1.250624,0.0,3.2263490000000004,3.476636
1078,yts.mx,https://www.yts.mx,ok,104.26.7.75,443.0,0.0,1.483682,0.011806,1.483799,0.0,1.490735,1.490814
1093,google.com.my,https://www.google.com.my,ok,172.217.16.131,443.0,0.0,0.2451,0.015397,0.245392,0.0,0.4939770000000001,1.4952219999999998
1108,google.be,https://www.google.be,ok,172.217.22.67,443.0,0.0,0.244793,0.232724,0.244937,0.0,0.482801,0.508896
1131,mdpi.com,https://www.mdpi.com,ok,104.18.24.151,443.0,0.0,0.237483,0.225714,0.237587,0.0,1.7423919999999995,1.750416
1166,colorlib.com,https://www.colorlib.com,ok,104.22.46.110,443.0,0.0,0.023262,0.016699000000000002,0.023358,0.0,0.243323,1.244331
1181,dcard.tw,https://www.dcard.tw,ok,104.16.105.87,443.0,0.0,0.24630700000000005,0.012194,0.246411,0.0,0.739743,0.739879
1212,google.ch,https://www.google.ch,ok,216.58.212.163,443.0,0.0,0.25917,0.237844,0.260471,0.0,0.487866,0.488043
1214,google.com.ph,https://www.google.com.ph,ok,172.217.22.67,443.0,0.0,0.2463090000000001,0.232003,0.246599,0.0,0.482136,0.508474
1250,google.co.za,https://www.google.co.za,ok,216.58.206.3,443.0,0.0,0.244279,0.226055,0.244405,0.0,0.47601,0.502654
1255,google.cl,https://www.google.cl,ok,172.217.18.99,443.0,0.0,0.240679,0.228606,0.240774,0.0,0.478915,0.505749
1258,thehindu.com,https://www.thehindu.com,ok,104.18.12.153,443.0,0.0,0.24504,0.2353260000000001,0.245188,0.0,0.4786220000000001,0.489988
1261,billboard.com,https://www.billboard.com,ok,104.17.107.31,443.0,0.0,0.238644,0.233633,0.238743,0.0,0.483463,2.989392
1263,greenpeace.org,https://www.greenpeace.org,ok,104.20.53.128,443.0,0.0,1.74527,0.017891,1.7454150000000002,0.0,2.492805,2.492873
1272,yolasite.com,https://www.yolasite.com,ok,104.16.160.215,443.0,0.0,1.742535,0.017365000000000002,1.742639,0.0,2.48996,2.49008
1287,doordash.com,https://www.doordash.com,ok,104.18.23.233,443.0,0.0,0.024582,0.015543,0.02469,0.0,0.246183,1.247106
1291,google.az,https://www.google.az,ok,172.217.23.99,443.0,0.0,0.245643,0.233491,0.245759,0.0,0.483766,0.509992
1298,google.at,https://www.google.at,ok,216.58.212.163,443.0,0.0,0.253802,0.239381,0.253935,0.0,0.476869,0.503304
1338,google.com.pk,https://www.google.com.pk,ok,172.217.18.163,443.0,0.0,1.9932,1.9806,1.993317,0.0,4.744349,4.969996
1375,teachable.com,https://www.teachable.com,ok,104.19.239.117,443.0,0.0,0.241597,0.228923,0.241711,0.0,0.478919,1.479952
1388,g.co,https://www.g.co,ok,142.250.74.206,443.0,0.0,0.2361800000000001,0.223829,0.236266,0.0,0.248575,0.248667
1408,blogspot.ca,https://www.blogspot.ca,ok,172.217.23.169,443.0,0.0,0.245417,0.233775,0.245528,0.0,0.483821,0.510034
1423,google.dz,https://www.google.dz,ok,172.217.23.131,443.0,0.0,0.260651,0.243398,0.260765,0.0,0.492595,0.5191680000000001
1447,elwatannews.com,https://www.elwatannews.com,ok,104.22.42.113,443.0,0.0,2.5,0.241355,2.500106,0.0,2.721634,2.734078
1454,iherb.com,https://www.iherb.com,ok,104.16.109.36,443.0,0.0,2.22808,0.225243,2.22819,0.0,2.475072,2.475145
1465,google.com.pe,https://www.google.com.pe,ok,216.58.212.163,443.0,0.0,0.252863,0.238367,0.253006,0.0,0.488303,0.488436
1500,clarin.com,https://www.clarin.com,ok,104.18.18.22,443.0,0.0,0.020401,0.008688,0.020492,0.0,0.240121,0.253899
1510,cell.com,https://www.cell.com,ok,104.18.124.114,443.0,0.0,0.250262,0.229288,0.250371,0.0,4.479178,4.479317
1513,blogspot.de,https://www.blogspot.de,ok,172.217.23.169,443.0,0.0,0.241294,0.22936,0.241394,0.0,0.47937,0.505314
1573,cloudinary.com,https://www.cloudinary.com,ok,162.159.137.83,443.0,0.0,1.982445,0.009283,1.982553,0.0,2.22956,2.22976
1577,athemes.com,https://www.athemes.com,ok,104.26.15.88,443.0,0.0,0.246725,0.236739,0.246858,0.0,0.486581,1.4873459999999998
1580,about.google,https://www.about.google,ok,142.250.74.206,443.0,0.0,0.499752,0.241532,0.499884,0.0,0.510688,0.510811
1606,google.pt,https://www.google.pt,ok,172.217.16.195,443.0,0.0,0.245465,0.012986,0.245599,0.0,0.494201,1.495307
1635,pdfdrive.com,https://www.pdfdrive.com,ok,104.26.6.150,443.0,0.0,1.500293,0.010276,1.5004,0.0,1.736434,1.7402990000000005
1652,google.com.co,https://www.google.com.co,ok,216.58.212.163,443.0,0.0,0.255083,0.240596,0.255203,0.0,0.490747,0.5197930000000001
1666,000webhost.com,https://www.000webhost.com,ok,104.18.108.8,443.0,0.0,0.236554,0.224448,0.236687,0.0,7.724175999999999,8.725378
1679,v2ex.com,https://www.v2ex.com,ok,104.20.10.218,443.0,0.0,0.251252,0.233294,0.251356,0.0,1.232138,1.237458
1681,boutell.co.uk,https://www.boutell.co.uk,ok,77.72.2.19,443.0,0.0,1.233863,0.231359,1.23397,0.0,1.249231,1.481706
1728,boingboing.net,https://www.boingboing.net,ok,172.67.22.113,443.0,0.0,0.23525,0.228364,0.235362,0.0,0.981349,0.981477
1746,google.se,https://www.google.se,ok,172.217.23.131,443.0,0.0,0.246223,0.014614,0.246344,0.0,0.49523,0.521349
1761,transferwise.com,https://www.transferwise.com,ok,104.16.40.16,443.0,0.0,0.242839,0.00677,0.243101,0.0,0.265437,0.26555300000000004
1780,buffer.com,https://www.buffer.com,ok,104.16.140.52,443.0,0.0,0.02129,0.012872,0.021399,0.0,0.246522,1.247736
1786,codepen.io,https://www.codepen.io,ok,104.17.14.48,443.0,0.0,0.24049,0.014718,0.24059,0.0,0.489097,0.49043
1793,macrumors.com,https://www.macrumors.com,ok,104.22.3.106,443.0,0.0,0.016318,0.006722,0.016429,0.0,0.243039,0.495645
1817,blogspot.com.es,https://www.blogspot.com.es,ok,172.217.23.169,443.0,0.0,0.238852,0.223999,0.238988,0.0,0.475175,0.475294
1825,google.ae,https://www.google.ae,ok,216.58.210.3,443.0,0.0,0.25456,0.236661,0.25467199999999995,0.0,0.486664,0.486836
1841,blogspot.fr,https://www.blogspot.fr,ok,172.217.23.169,443.0,0.0,0.245945,0.232091,0.246058,0.0,0.4715180000000001,0.498352
1861,arduino.cc,https://www.arduino.cc,ok,104.22.49.75,443.0,0.0,0.024443,0.013619999999999998,0.024552,0.0,0.248114,1.249342
1894,hamariweb.com,https://www.hamariweb.com,ok,104.22.70.203,443.0,0.0,0.236915,0.224162,0.237027,0.0,0.474116,0.48278
1984,atlasobscura.com,https://www.atlasobscura.com,ok,104.26.0.248,443.0,0.0,0.254542,0.019021,0.254652,0.0,1.246225,1.508573
1990,google.hu,https://www.google.hu,ok,216.58.212.163,443.0,0.0,0.2413760000000001,0.228996,0.241502,0.0,0.479054,0.505167
2028,nerdwallet.com,https://www.nerdwallet.com,ok,104.18.23.225,443.0,0.0,0.244767,0.232193,0.2449010000000001,0.0,1.222017,1.22941
2061,lifehack.org,https://www.lifehack.org,ok,104.20.199.58,443.0,0.0,0.011898,0.005616,0.012013,0.0,0.248231,0.255807
2114,mass.gov,https://www.mass.gov,ok,104.17.86.186,443.0,0.0,0.486425,0.474723,0.48652,0.0,0.980622,0.987721
2120,google.co.il,https://www.google.co.il,ok,172.217.21.227,443.0,0.0,0.48967,0.469588,0.48979,0.0,0.719649,0.7462850000000001
2145,hubspot.net,https://www.hubspot.net,ok,199.60.103.226,443.0,0.0,1.270027,0.019279,1.2701440000000002,0.0,2.243406,2.243469
2160,thinkwithgoogle.com,https://www.thinkwithgoogle.com,ok,172.217.16.209,443.0,0.0,0.247369,0.233293,0.247469,0.0,0.742158,1.234927
2183,recaptcha.net,https://www.recaptcha.net,ok,172.217.18.163,443.0,0.0,0.243393,0.011841,0.243521,0.0,0.253775,0.253899
2271,wireshark.org,https://www.wireshark.org,ok,104.26.10.240,443.0,0.0,0.486246,0.4739850000000001,0.486365,0.0,0.974114,1.233216
2286,chromium.org,https://www.chromium.org,ok,216.239.32.27,443.0,0.0,0.482578,0.236708,0.48268,0.0,0.970386,0.970572
2297,google.cz,https://www.google.cz,ok,172.217.18.99,443.0,0.0,0.243724,0.229858,0.243849,0.0,0.469424,0.495833
2366,google.ie,https://www.google.ie,ok,172.217.18.163,443.0,0.0,0.240243,0.226116,0.240359,0.0,0.476029,0.502363
2378,retailmenot.com,https://www.retailmenot.com,ok,104.18.0.89,443.0,0.0,0.237536,0.224237,0.237636,0.0,0.474078,0.476901
2386,sciencealert.com,https://www.sciencealert.com,ok,104.26.10.84,443.0,0.0,0.243586,0.234951,0.243706,0.0,0.48811,0.491136
2460,propublica.org,https://www.propublica.org,ok,104.16.251.51,443.0,0.0,0.246313,0.239421,0.246419,0.0,0.764687,0.989076
2462,sabq.org,https://www.sabq.org,ok,104.18.27.32,443.0,0.0,0.231911,0.226514,0.232014,0.0,0.476149,1.477401
2468,rd.com,https://www.rd.com,ok,104.18.24.214,443.0,0.0,1.244231,0.013411,1.244338,0.0,1.265133,1.4919360000000002
2564,tawk.to,https://www.tawk.to,ok,104.22.25.131,443.0,0.0,1.492824,0.009272,1.492936,0.0,2.4803610000000003,2.487433
2568,flightradar24.com,https://www.flightradar24.com,ok,104.17.44.52,443.0,0.0,0.241843,0.225922,0.241957,0.0,0.7254010000000001,1.243162
2573,jkforum.net,https://www.jkforum.net,ok,104.20.192.74,443.0,0.0,0.020155000000000003,0.007926,0.020438,0.0,0.494355,0.494439
2584,blogspot.com.au,https://www.blogspot.com.au,ok,172.217.23.169,443.0,0.0,0.244062,0.230782,0.24418,0.0,0.479569,0.506242
2585,neobux.com,https://www.neobux.com,ok,104.16.41.15,443.0,0.0,0.245333,0.231816,0.245422,0.0,0.472538,1.473519
2623,lentainform.com,https://www.lentainform.com,ok,104.19.216.61,443.0,0.0,0.734771,0.729402,0.7348720000000001,0.0,0.992751,1.22974
2634,rte.ie,https://www.rte.ie,ok,104.18.142.17,443.0,0.0,0.255854,0.232981,0.25595,0.0,1.985505,1.996881
2669,google.dk,https://www.google.dk,ok,172.217.16.131,443.0,0.0,0.257678,0.243629,0.2578,0.0,0.4934810000000001,0.520193
2673,ahajournals.org,https://www.ahajournals.org,ok,104.18.21.186,443.0,0.0,0.256946,0.247165,0.257073,0.0,0.51247,0.5126310000000001
2679,ojooo.com,https://www.ojooo.com,ok,104.26.4.139,443.0,0.0,0.247994,0.223924,0.248085,0.0,0.473616,1.474838
2701,centrosenervida.com,https://www.centrosenervida.com,ok,185.162.171.144,443.0,0.0,5.733413,0.231993,5.733542,0.0,5.981579,5.9816410000000015
2706,andhrajyothy.com,https://www.andhrajyothy.com,ok,104.26.3.6,443.0,0.0,1.757302,0.008103,1.757434,0.0,3.4957010000000004,3.745981
2762,google.bg,https://www.google.bg,ok,216.58.210.3,443.0,0.0,1.748266,0.013165,1.7483939999999998,0.0,1.988128,2.014249
2768,creativemarket.com,https://www.creativemarket.com,ok,104.18.23.227,443.0,0.0,0.23599,0.229742,0.236109,0.0,0.252689,0.256126
2773,socialblade.com,https://www.socialblade.com,ok,104.26.1.138,443.0,0.0,1.483758,1.478303,1.483862,0.0,1.728168,2.729404
2783,yoast.com,https://www.yoast.com,ok,104.18.26.25,443.0,0.0,1.480595,0.00813,1.480695,0.0,1.496699,1.496771
2826,google.sk,https://www.google.sk,ok,172.217.22.99,443.0,0.0,1.7404810000000002,0.018492,1.7406,0.0,1.989378,1.989648
2831,chinatimes.com,https://www.chinatimes.com,ok,172.67.1.28,443.0,0.0,0.493163,0.233975,0.493279,0.0,0.983947,0.988649
2835,toppr.com,https://www.toppr.com,ok,104.20.84.29,443.0,0.0,0.4927760000000001,0.4733729999999999,0.492889,0.0,0.7231810000000001,0.724438
2840,useinsider.com,https://www.useinsider.com,ok,104.17.169.114,443.0,0.0,0.239589,0.229901,0.239692,0.0,0.473128,1.474184
2852,blogspot.it,https://www.blogspot.it,ok,172.217.23.169,443.0,0.0,0.258887,0.242459,0.258997,0.0,0.494445,0.521325
2872,page.link,https://www.page.link,ok,216.58.205.238,443.0,0.0,0.483016,0.470773,0.483144,0.0,0.720867,0.747379
2891,google.fi,https://www.google.fi,ok,172.217.16.163,443.0,0.0,0.026191,0.014315,0.026317,0.0,0.24804,0.275253
2894,templatemonster.com,https://www.templatemonster.com,ok,172.67.18.221,443.0,0.0,0.23562,0.223315,0.235725,0.0,0.473301,0.486267
2915,news24.com,https://www.news24.com,ok,104.16.251.81,443.0,0.0,0.472318,0.228187,0.47243,0.0,0.720885,0.732487
2923,udacity.com,https://www.udacity.com,ok,104.18.11.116,443.0,0.0,0.251964,0.235585,0.252067,0.0,0.985667,1.009507
2941,e-recht24.de,https://www.e-recht24.de,ok,159.69.70.50,443.0,0.0,1.971506,0.228807,1.971628,0.0,2.220215,2.475216
2995,encyclopedia.com,https://www.encyclopedia.com,ok,104.26.9.13,443.0,0.0,1.503531,0.012101,1.503645,0.0,1.514773,1.518208
2999,crhoy.com,https://www.crhoy.com,ok,172.67.70.108,443.0,0.0,1.489428,0.011981,1.489558,0.0,1.732751,1.7619900000000002
3014,sehatq.com,https://www.sehatq.com,ok,104.22.69.234,443.0,0.0,0.01829,0.009942,0.018391,0.0,1.489925,1.7446970000000002
3032,google.co.nz,https://www.google.co.nz,ok,216.58.205.227,443.0,0.0,0.248563,0.014138,0.248678,0.0,0.490567,0.516288
3038,lotterypost.com,https://www.lotterypost.com,ok,104.26.6.161,443.0,0.0,0.247617,0.240268,0.24775100000000005,0.0,0.475093,0.475249
3041,google.hr,https://www.google.hr,ok,172.217.23.99,443.0,0.0,0.484741,0.474176,0.4848560000000001,0.0,0.724279,0.750965
3066,google.rs,https://www.google.rs,ok,172.217.16.131,443.0,0.0,0.254442,0.234736,0.254571,0.0,0.485045,0.511836
3086,google.lk,https://www.google.lk,ok,172.217.18.99,443.0,0.0,0.480544,0.244037,0.480664,0.0,0.723341,0.749472
3127,geekwire.com,https://www.geekwire.com,ok,104.26.15.176,443.0,0.0,2.7424,0.013146,2.742523,0.0,2.771292,2.997468
3134,dikaiologitika.gr,https://www.dikaiologitika.gr,ok,172.67.74.127,443.0,0.0,0.245225,0.23067,0.245337,0.0,0.480744,0.5074390000000001
3168,wowkeren.com,https://www.wowkeren.com,ok,104.26.15.101,443.0,0.0,0.245691,0.2268550000000001,0.245817,0.0,0.742626,1.472703
3187,fanfiction.net,https://www.fanfiction.net,ok,104.18.18.242,443.0,0.0,0.234211,0.227435,0.234358,0.0,0.257469,1.478256
3230,akhbarelyom.com,https://www.akhbarelyom.com,ok,172.67.74.187,443.0,0.0,1.759375,0.012005,1.7594869999999998,0.0,1.992996,2.99392
3242,law.com,https://www.law.com,ok,104.18.14.209,443.0,0.0,0.245028,0.234687,0.245134,0.0,0.48445,0.484563
3251,google.com.bd,https://www.google.com.bd,ok,172.217.18.3,443.0,0.0,0.24434,0.232188,0.244467,0.0,0.482315,0.5089359999999999
3305,worldwildlife.org,https://www.worldwildlife.org,ok,104.18.22.220,443.0,0.0,0.243902,0.232423,0.244017,0.0,0.735359,0.7393930000000001
3306,whitepages.com,https://www.whitepages.com,ok,104.18.22.138,443.0,0.0,0.241571,0.014208000000000004,0.2416760000000001,0.0,0.25252,0.252601
3317,google.no,https://www.google.no,ok,172.217.22.67,443.0,0.0,0.027045,0.011175,0.027188,0.0,0.24931,0.275808
3327,roozaneh.net,https://www.roozaneh.net,ok,104.18.52.242,443.0,0.0,0.260834,0.243947,0.260925,0.0,2.003939,2.004021
3328,panoramio.com,https://www.panoramio.com,ok,142.250.74.206,443.0,0.0,1.4915200000000002,0.017501,1.491659,0.0,1.493875,1.493985
3344,wpastra.com,https://www.wpastra.com,ok,104.27.146.225,443.0,0.0,1.25414,0.009001,1.254243,0.0,1.7330279999999998,1.733109
3353,ad4m.at,https://www.ad4m.at,ok,104.26.11.209,443.0,0.0,0.251676,0.2412320000000001,0.251771,0.0,0.473273,0.4748520000000001
3356,standardmedia.co.ke,https://www.standardmedia.co.ke,ok,104.20.204.58,443.0,0.0,0.249794,0.229596,0.249895,0.0,0.726744,0.980823
3357,css-tricks.com,https://www.css-tricks.com,ok,172.67.74.18,443.0,0.0,2.257998,0.010912,2.258127,0.0,2.985407,2.985522
3366,royalcbd.com,https://www.royalcbd.com,ok,172.67.15.77,443.0,0.0,1.738341,0.245389,1.738441,0.0,1.7480639999999998,1.748205
3417,google.kz,https://www.google.kz,ok,172.217.18.99,443.0,0.0,1.995353,0.021456,1.995463,0.0,2.242561,2.2427040000000003
3422,leo.org,https://www.leo.org,ok,104.22.76.215,443.0,0.0,0.23945300000000005,0.233546,0.239575,0.0,0.483525,0.48361
3446,poki.com,https://www.poki.com,ok,104.16.209.71,443.0,0.0,1.263365,0.024562,1.263471,0.0,1.494825,1.494916
3460,googlecode.com,https://www.googlecode.com,ok,74.125.133.82,443.0,0.0,0.239971,0.228091,0.240087,0.0,0.247903,0.247988
3483,parliament.uk,https://www.parliament.uk,ok,104.17.150.48,443.0,0.0,0.262061,0.233857,0.262192,0.0,0.484309,0.488044
3491,vecteezy.com,https://www.vecteezy.com,ok,104.22.64.94,443.0,0.0,0.238761,0.008779,0.238868,0.0,0.984798,0.993373
3529,uptobox.com,https://www.uptobox.com,ok,104.22.52.218,443.0,0.0,0.25085100000000005,0.014129,0.25095300000000004,0.0,0.26013600000000003,0.260214
3564,adbtc.top,https://www.adbtc.top,ok,104.26.12.89,443.0,0.0,0.499847,0.487915,0.4999560000000001,0.0,0.737985,1.739134
3603,glassdoor.co.in,https://www.glassdoor.co.in,ok,104.16.118.102,443.0,0.0,0.020253,0.014413,0.020372,0.0,0.239784,1.240919
3622,adskeeper.co.uk,https://www.adskeeper.co.uk,ok,104.19.133.80,443.0,0.0,1.750201,0.015041,1.750311,0.0,1.987781,1.987895
3652,ghanaweb.com,https://www.ghanaweb.com,ok,104.17.199.96,443.0,0.0,0.247099,0.007489,0.247189,0.0,0.26556,0.265642
3659,blogspot.com.br,https://www.blogspot.com.br,ok,172.217.23.169,443.0,0.0,0.244531,0.230223,0.244648,0.0,0.480059,0.506196
3695,google.lt,https://www.google.lt,ok,172.217.16.131,443.0,0.0,0.250836,0.240045,0.250996,0.0,0.490198,0.5161939999999999
3718,blogspot.nl,https://www.blogspot.nl,ok,172.217.23.169,443.0,0.0,0.249576,0.2301300000000001,0.249704,0.0,0.4798060000000001,0.5068229999999999
3728,marinetraffic.com,https://www.marinetraffic.com,ok,104.18.13.142,443.0,0.0,0.239743,0.230107,0.23984,0.0,0.470529,1.47172
3731,esheeq.net,https://www.esheeq.net,ok,172.67.74.158,443.0,0.0,0.484052,0.245629,0.484157,0.0,0.4994770000000001,0.4995439999999999
3749,whatismyipaddress.com,https://www.whatismyipaddress.com,ok,104.16.154.36,443.0,0.0,1.7559189999999998,0.015576,1.75602,0.0,1.7698470000000002,1.7699599999999998
3770,blogspot.jp,https://www.blogspot.jp,ok,172.217.23.169,443.0,0.0,0.245413,0.2348,0.245535,0.0,0.471991,0.498175
3773,watanserb.com,https://www.watanserb.com,ok,104.26.6.79,443.0,0.0,1.7526240000000002,1.736941,1.752731,0.0,2.223669,2.232297
3798,schema.org,https://www.schema.org,ok,142.250.74.206,443.0,0.0,0.259327,0.245175,0.259456,0.0,0.262128,0.262238
3829,google.com.qa,https://www.google.com.qa,ok,172.217.16.131,443.0,0.0,0.247977,0.015346,0.248094,0.0,0.491861,0.517949
3854,google.co.ma,https://www.google.co.ma,ok,172.217.16.131,443.0,0.0,0.263047,0.244886,0.26317,0.0,0.495004,0.526112
3860,thriveglobal.com,https://www.thriveglobal.com,ok,172.67.5.226,443.0,0.0,0.249402,0.012715,0.24952600000000005,0.0,0.269206,0.26928
3912,adyen.com,https://www.adyen.com,ok,172.67.21.175,443.0,0.0,0.471282,0.243992,0.471386,0.0,0.7201569999999999,0.7257520000000001
3916,zoomit.ir,https://www.zoomit.ir,ok,104.26.14.111,443.0,0.0,0.253149,0.243002,0.253256,0.0,0.743009,0.99691
3917,tasteofhome.com,https://www.tasteofhome.com,ok,104.18.21.39,443.0,0.0,0.2371800000000001,0.231821,0.237296,0.0,0.260525,0.485283
3923,google.com.ly,https://www.google.com.ly,ok,172.217.16.195,443.0,0.0,0.2477010000000001,0.017537999999999998,0.247801,0.0,0.496522,0.496667
3942,google.by,https://www.google.by,ok,172.217.18.99,443.0,0.0,0.252037,0.237992,0.25214699999999995,0.0,0.49063,0.516718
3955,vklass.se,https://www.vklass.se,ok,104.22.55.170,443.0,0.0,0.26011,0.241776,0.260247,0.0,0.49086,1.491909
3987,beauty321.com,https://www.beauty321.com,ok,172.67.72.23,443.0,0.0,2.2516990000000003,0.004227000000000001,2.251814,0.0,4.237576,4.254853
3988,jagonews24.com,https://www.jagonews24.com,ok,104.25.238.57,443.0,0.0,1.002155,0.006939,1.002285,0.0,1.983165,2.259154
4034,crowd1.com,https://www.crowd1.com,ok,172.67.14.189,443.0,0.0,1.747643,0.245954,1.747761,0.0,1.971023,1.971223
4037,golang.org,https://www.golang.org,ok,142.250.74.209,443.0,0.0,0.245417,0.230899,0.245529,0.0,0.480693,0.5067520000000001
4043,ennaharonline.com,https://www.ennaharonline.com,ok,104.26.13.173,443.0,0.0,0.241188,0.232142,0.241302,0.0,0.481955,0.490743
4057,turbo.az,https://www.turbo.az,ok,104.26.3.137,443.0,0.0,0.253429,0.24546,0.253529,0.0,0.495152,1.4963799999999998
4091,tap.az,https://www.tap.az,ok,104.26.13.26,443.0,0.0,0.23596,0.229288,0.236081,0.0,0.479291,1.480472
4103,google.com.ec,https://www.google.com.ec,ok,172.217.16.131,443.0,0.0,0.244305,0.234399,0.244493,0.0,0.484628,0.511266
4144,telugustop.com,https://www.telugustop.com,ok,172.67.74.3,443.0,0.0,0.242595,0.228183,0.242718,0.0,1.247944,1.470242
4154,laleggepertutti.it,https://www.laleggepertutti.it,ok,104.16.94.96,443.0,0.0,0.253342,0.239062,0.253448,0.0,0.488898,0.496329
4166,omegle.com,https://www.omegle.com,ok,104.23.143.25,443.0,0.0,0.235539,0.228484,0.235649,0.0,0.249133,0.250991
4171,hltv.org,https://www.hltv.org,ok,104.18.2.89,443.0,0.0,0.242517,0.228663,0.242627,0.0,0.478383,0.488408
4187,whmcs.com,https://www.whmcs.com,ok,104.22.36.70,443.0,0.0,1.993768,0.010003,1.993884,0.0,2.741573,2.745164
4238,google.com.do,https://www.google.com.do,ok,216.58.212.131,443.0,0.0,0.239456,0.22728,0.239577,0.0,0.477547,0.5038020000000001
4243,socialmediaexaminer.com,https://www.socialmediaexaminer.com,ok,104.26.6.221,443.0,0.0,0.020644,0.01421,0.245461,0.0,0.491893,0.499597
4252,vitalsource.com,https://www.vitalsource.com,ok,104.17.65.241,443.0,0.0,2.262787,0.008919,2.262903,0.0,2.739415,2.742668
4253,jut.su,https://www.jut.su,ok,172.67.72.155,443.0,0.0,0.481301,0.246692,0.481414,0.0,0.729809,0.729943
4303,fragrantica.com,https://www.fragrantica.com,ok,104.17.2.6,443.0,0.0,0.242091,0.235054,0.242212,0.0,0.484392,1.485598
4313,pmi.org,https://www.pmi.org,ok,104.17.179.183,443.0,0.0,0.240772,0.234811,0.240883,0.0,0.265396,1.488327
4315,androidpolice.com,https://www.androidpolice.com,ok,104.18.171.13,443.0,0.0,0.240727,0.009156,0.240863,0.0,0.484145,0.484267
4329,annals.org,https://www.annals.org,ok,172.67.186.252,443.0,0.0,0.489676,0.4728600000000001,0.489796,0.0,0.722201,0.722272
4337,coingecko.com,https://www.coingecko.com,ok,104.18.4.127,443.0,0.0,0.018000000000000002,0.013672,0.018127,0.0,0.24036,1.243219
4338,acpjournals.org,https://www.acpjournals.org,ok,104.18.15.168,443.0,0.0,0.477047,0.470268,0.485212,0.0,1.220322,1.220448
4368,google.com.kw,https://www.google.com.kw,ok,216.58.208.35,443.0,0.0,0.242619,0.224563,0.242748,0.0,0.474538,0.501059
4390,fishki.net,https://www.fishki.net,ok,104.26.0.138,443.0,0.0,1.261925,0.016793000000000002,1.262023,0.0,1.489609,1.489737
4404,corporatefinanceinstitute.com,https://www.corporatefinanceinstitute.com,ok,104.26.5.129,443.0,0.0,0.242054,0.224247,0.242158,0.0,0.974199,0.974297
4410,rapidtables.com,https://www.rapidtables.com,ok,172.67.70.177,443.0,0.0,0.2409820000000001,0.228007,0.241091,0.0,0.258669,2.988115
4491,google.com.ng,https://www.google.com.ng,ok,172.217.18.99,443.0,0.0,0.25414499999999995,0.242106,0.254276,0.0,0.49218,0.492326
4499,blogspot.ru,https://www.blogspot.ru,ok,172.217.23.169,443.0,0.0,0.253723,0.24150500000000005,0.253835,0.0,0.519476,0.519604
4525,scitation.org,https://www.scitation.org,ok,104.17.164.62,443.0,0.0,0.270241,0.249598,0.27034899999999995,0.0,0.4945350000000001,1.49577
4553,pianmenw.com,https://www.pianmenw.com,ok,104.19.29.252,443.0,0.0,0.256227,0.244511,0.256341,0.0,0.267234,0.26732
4562,sportzwiki.com,https://www.sportzwiki.com,ok,104.26.5.208,443.0,0.0,0.246558,0.009944,0.246667,0.0,1.245094,1.245163
4568,bibox.com,https://www.bibox.com,ok,104.22.32.125,443.0,0.0,0.495656,0.4809890000000001,0.495758,0.0,1.980602,1.98083
4575,rae.es,https://www.rae.es,ok,172.67.69.61,443.0,0.0,0.241556,0.226723,0.241668,0.0,0.494037,0.7267680000000001
4661,google.lv,https://www.google.lv,ok,216.58.210.3,443.0,0.0,0.248271,0.237853,0.24841,0.0,2.227771,2.473518
4669,encuentra24.com,https://www.encuentra24.com,ok,172.67.11.97,443.0,0.0,0.24838,0.235859,0.248507,0.0,0.980078,0.980199
4680,google.iq,https://www.google.iq,ok,172.217.23.163,443.0,0.0,0.24421,0.232188,0.244328,0.0,0.482128,0.50871
4735,shahid4u.one,https://www.shahid4u.one,ok,104.26.6.7,443.0,0.0,0.244288,0.229705,0.244397,0.0,0.4722310000000001,0.4723600000000001
4742,blogspot.se,https://www.blogspot.se,ok,172.217.23.169,443.0,0.0,4.012243,0.025957,4.0123760000000015,0.0,4.249816,4.27664
4745,smartinsights.com,https://www.smartinsights.com,ok,104.20.253.9,443.0,0.0,0.245181,0.013593,0.2452820000000001,0.0,0.495471,0.498779
4766,warriorplus.com,https://www.warriorplus.com,ok,104.26.4.97,443.0,0.0,1.516023,0.013233000000000002,1.516131,0.0,1.7379349999999998,2.738721
4843,harrods.com,https://www.harrods.com,ok,104.18.0.58,443.0,0.0,1.473801,1.243408,1.473927,0.0,1.722164,1.7222669999999998
4878,annualreviews.org,https://www.annualreviews.org,ok,104.18.8.232,443.0,0.0,0.249564,0.23719,0.249658,0.0,0.987143,0.987247
4902,hostinger.com,https://www.hostinger.com,ok,104.19.184.120,443.0,0.0,1.758873,0.232028,1.758992,0.0,1.98185,1.994263
4915,hse.gov.uk,https://www.hse.gov.uk,ok,104.19.153.106,443.0,0.0,0.26263200000000003,0.236602,0.262776,0.0,0.486538,0.491404
4957,clickagy.com,https://www.clickagy.com,ok,104.18.31.205,443.0,0.0,0.238723,0.230526,0.238841,0.0,0.729333,0.735332
5007,crisp.chat,https://www.crisp.chat,ok,104.18.29.91,443.0,0.0,0.239956,0.231438,0.240073,0.0,0.475448,1.476652
5012,googleoptimize.com,https://www.googleoptimize.com,ok,216.58.208.46,443.0,0.0,1.748384,0.013863,1.748501,0.0,1.75145,1.751565
5019,linode.com,https://www.linode.com,ok,104.18.127.4,443.0,0.0,1.487815,0.011016,1.487919,0.0,1.730948,1.738231
5033,google.co.ao,https://www.google.co.ao,ok,172.217.22.3,443.0,0.0,0.509671,0.497416,0.509785,0.0,0.747725,0.773859
5058,google.si,https://www.google.si,ok,216.58.205.227,443.0,0.0,0.267275,0.246655,0.267394,0.0,0.493933,0.494479
5069,16personalities.com,https://www.16personalities.com,ok,172.67.203.252,443.0,0.0,0.248779,0.234783,0.248869,0.0,0.470367,0.488548
5099,mynewsdesk.com,https://www.mynewsdesk.com,ok,104.18.15.14,443.0,0.0,0.246587,0.015884,0.246695,0.0,0.494863,1.496067
5109,runescape.wiki,https://www.runescape.wiki,ok,172.67.20.94,443.0,0.0,0.246831,0.23470700000000005,0.24694,0.0,0.484299,1.487775
5122,fullhdfilmizlesene.com,https://www.fullhdfilmizlesene.com,ok,104.26.4.186,443.0,0.0,0.242908,0.22682,0.2430340000000001,0.0,0.476574,1.477761
5153,cettire.com,https://www.cettire.com,ok,23.227.38.74,443.0,0.0,0.239385,0.22855,0.239491,0.0,0.728567,0.7426189999999999
5160,parade.com,https://www.parade.com,ok,104.17.88.42,443.0,0.0,0.236686,0.22452,0.236802,0.0,0.474307,0.475207
5161,wordcounter.net,https://www.wordcounter.net,ok,104.20.193.70,443.0,0.0,1.990045,0.012509,1.990153,0.0,2.488747,2.488869
5305,slidesgo.com,https://www.slidesgo.com,ok,172.67.9.18,443.0,0.0,0.246145,0.231769,0.25443000000000005,0.0,0.481571,1.484804
5324,jamendo.com,https://www.jamendo.com,ok,104.26.4.61,443.0,0.0,3.745562,3.739513,3.745673000000002,0.0,3.980305,3.983725
5345,colourpop.com,https://www.colourpop.com,ok,23.227.38.74,443.0,0.0,0.243528,0.231621,0.243617,0.0,0.481639,1.482634
5377,google.tn,https://www.google.tn,ok,172.217.16.131,443.0,0.0,0.24821,0.23405,0.248349,0.0,0.484282,0.5105729999999999
5386,google.org,https://www.google.org,ok,216.239.32.27,443.0,0.0,0.248128,0.015655000000000002,0.248229,0.0,0.25874,0.25895100000000004
5408,google.jo,https://www.google.jo,ok,172.217.23.99,443.0,0.0,0.245223,0.226599,0.245402,0.0,0.476711,0.5032909999999999
5429,yalla-shoot.com,https://www.yalla-shoot.com,ok,104.21.234.144,443.0,0.0,1.753302,1.738274,1.7534040000000002,0.0,1.974166,1.977568
5432,lasvegassun.com,https://www.lasvegassun.com,ok,104.20.235.7,443.0,0.0,0.243699,0.225763,0.243806,0.0,0.475378,1.476535
5450,tweaktown.com,https://www.tweaktown.com,ok,104.22.37.139,443.0,0.0,0.254193,0.242736,0.254307,0.0,0.492311,0.496406
5457,vu.nl,https://www.vu.nl,ok,104.27.176.61,443.0,0.0,1.726198,1.496724,1.7263099999999998,0.0,2.474587,3.475849
5466,fresherslive.com,https://www.fresherslive.com,ok,172.67.11.113,443.0,0.0,0.236103,0.224166,0.236211,0.0,0.4824810000000001,0.728396
5481,google.com.uy,https://www.google.com.uy,ok,172.217.21.227,443.0,0.0,0.260102,0.249608,0.260237,0.0,0.485908,0.512933
5482,taroot-rangi.com,https://www.taroot-rangi.com,ok,172.67.68.238,443.0,0.0,2.491201,0.011631,2.491296,0.0,2.733959,2.761702
5544,pressherald.com,https://www.pressherald.com,ok,104.26.0.186,443.0,0.0,0.2399260000000001,0.232022,0.24003400000000005,0.0,0.721808,0.972493
5587,redgifs.com,https://www.redgifs.com,ok,104.18.5.207,443.0,0.0,0.25725,0.238636,0.25916,0.0,0.483616,0.490567
5590,indosport.com,https://www.indosport.com,ok,172.67.73.161,443.0,0.0,2.489088,0.014424,2.489185,0.0,3.237503,3.268235
5647,pjmedia.com,https://www.pjmedia.com,ok,104.18.18.43,443.0,0.0,0.242795,0.014047,0.242903,0.0,0.741442,0.741584
5655,friendfeed.com,https://www.friendfeed.com,ok,157.240.9.18,443.0,0.0,1.976271,0.224497,1.976398,0.0,2.224556,2.224627
5675,piliapp.com,https://www.piliapp.com,ok,104.26.5.119,443.0,0.0,0.247725,0.234289,0.247882,0.0,0.489221,0.4927760000000001
5678,nation.africa,https://www.nation.africa,ok,104.18.29.152,443.0,0.0,1.985419,0.01035,1.985515,0.0,1.996324,1.996393
5681,storeboard.com,https://www.storeboard.com,ok,104.26.2.123,443.0,0.0,1.476332,1.2446469999999998,1.476437,0.0,2.224848,2.224969
5682,lihkg.com,https://www.lihkg.com,ok,104.17.214.193,443.0,0.0,0.017158,0.011308,0.017271,0.0,0.238587,1.239378
5685,mundosexanuncio.com,https://www.mundosexanuncio.com,ok,104.26.15.202,443.0,0.0,0.247281,0.235196,0.247388,0.0,0.721508,0.735638
5688,avgle.com,https://www.avgle.com,ok,172.64.129.16,443.0,0.0,0.246105,0.239824,0.246209,0.0,0.489693,1.49069
5727,ficbook.net,https://www.ficbook.net,ok,172.67.17.216,443.0,0.0,0.234211,0.009493,0.234327,0.0,0.482741,0.482844
5742,bloombergquint.com,https://www.bloombergquint.com,ok,104.18.91.198,443.0,0.0,1.758314,0.018382,1.7584220000000002,0.0,1.996505,2.008172
5789,brstej.com,https://www.brstej.com,ok,104.26.7.141,443.0,0.0,0.23165300000000005,0.225507,0.231767,0.0,0.475231,1.476723
5810,ole.com.ar,https://www.ole.com.ar,ok,104.18.170.219,443.0,0.0,2.7279310000000003,2.488975,2.728052,0.0,2.997187,3.229368
5824,tensorflow.org,https://www.tensorflow.org,ok,142.250.74.206,443.0,0.0,0.256601,0.244555,0.256713,0.0,0.7448899999999999,1.246709
5855,gab.com,https://www.gab.com,ok,104.16.122.96,443.0,0.0,1.485636,0.011001,1.485756,0.0,1.496086,1.496166
5904,ilfattoquotidiano.it,https://www.ilfattoquotidiano.it,ok,104.17.61.22,443.0,0.0,2.49358,2.484263,2.49369,0.0,2.727435,2.983335
5933,mtlnovel.com,https://www.mtlnovel.com,ok,172.64.129.13,443.0,0.0,1.4912299999999998,0.008491,1.491319,0.0,1.983204,1.988245
5953,ufreegames.com,https://www.ufreegames.com,ok,172.67.6.56,443.0,0.0,0.25964,0.013621,0.25974899999999995,0.0,0.493178,0.49684
5971,jbhifi.com.au,https://www.jbhifi.com.au,ok,104.18.2.69,443.0,0.0,0.257459,0.237888,0.257567,0.0,0.737625,0.7534489999999999
5977,secnews.gr,https://www.secnews.gr,ok,104.23.129.67,443.0,0.0,0.244851,0.231836,0.2449800000000001,0.0,0.472271,0.489196
6022,fashionnova.com,https://www.fashionnova.com,ok,23.227.38.74,443.0,0.0,0.253845,0.243469,0.253954,0.0,0.490731,0.768304
6073,openclassrooms.com,https://www.openclassrooms.com,ok,104.22.64.200,443.0,0.0,1.735596,0.012893,1.735714,0.0,1.984221,1.984362
6095,onlinekhabar.com,https://www.onlinekhabar.com,ok,104.24.109.37,443.0,0.0,1.259248,0.02493,1.259348,0.0,1.494726,1.753996
6104,googlegroups.com,https://www.googlegroups.com,ok,108.177.15.139,443.0,0.0,0.243298,0.231081,0.243421,0.0,0.980883,0.980998
6112,exe.io,https://www.exe.io,ok,104.26.3.103,443.0,0.0,0.249806,0.238837,0.249919,0.0,0.48874,1.489774
6120,texastribune.org,https://www.texastribune.org,ok,172.67.24.106,443.0,0.0,0.24657,0.238976,0.246667,0.0,1.489036,1.495827
6163,dailypost.ng,https://www.dailypost.ng,ok,104.26.5.69,443.0,0.0,1.7499349999999998,1.742747,1.750039,0.0,2.225066,2.2251540000000003
6164,betfair.com,https://www.betfair.com,ok,104.16.182.251,443.0,0.0,0.473627,0.231433,0.47374,0.0,0.720232,0.7203069999999999
6181,faceit.com,https://www.faceit.com,ok,104.16.12.251,443.0,0.0,1.758163,0.013915,1.758274,0.0,2.238206,2.238327
6234,shapeways.com,https://www.shapeways.com,ok,104.20.23.246,443.0,0.0,0.247382,0.238108,0.247513,0.0,2.738143,2.745214
6282,fontspace.com,https://www.fontspace.com,ok,104.26.11.52,443.0,0.0,0.24250500000000005,0.230673,0.242608,0.0,0.477473,0.729657
6325,mosaiquefm.net,https://www.mosaiquefm.net,ok,104.26.6.159,443.0,0.0,0.239133,0.233111,0.239236,0.0,0.482689,1.483859
6344,psychiatryonline.org,https://www.psychiatryonline.org,ok,104.18.8.174,443.0,0.0,0.477142,0.470031,0.477248,0.0,1.219767,1.219894
6373,alternativeto.net,https://www.alternativeto.net,ok,104.26.0.179,443.0,0.0,0.244261,0.23849,0.244397,0.0,0.480387,1.481602
6380,google.ba,https://www.google.ba,ok,172.217.22.67,443.0,0.0,0.253334,0.241196,0.253446,0.0,0.4913270000000001,0.517252
6453,armorgames.com,https://www.armorgames.com,ok,172.67.19.44,443.0,0.0,0.240308,0.2283550000000001,0.240417,0.0,0.7280949999999999,0.728222
6455,kingston.com,https://www.kingston.com,ok,104.16.249.68,443.0,0.0,1.244756,1.225773,1.244851,0.0,1.7255169999999995,1.725587
6528,truthout.org,https://www.truthout.org,ok,104.20.23.166,443.0,0.0,0.245602,0.23023,0.249764,0.0,0.472865,0.4729350000000001
6532,die.net,https://www.die.net,ok,104.26.1.94,443.0,0.0,1.254572,0.011999,1.254698,0.0,1.989112,1.989273
6557,thehackernews.com,https://www.thehackernews.com,ok,172.67.70.21,443.0,0.0,1.2536969999999998,0.016599000000000003,1.253819,0.0,1.493483,1.49355
6581,google.com.mm,https://www.google.com.mm,ok,172.217.16.131,443.0,0.0,1.992561,0.01526,1.992719,0.0,2.239984,2.265804
6617,lowyat.net,https://www.lowyat.net,ok,104.26.6.73,443.0,0.0,1.487712,0.010175,1.487848,0.0,1.986031,2.236201
6618,gigazine.net,https://www.gigazine.net,ok,104.20.27.5,443.0,0.0,0.233364,0.226166,0.233454,0.0,1.725993,1.726112
6677,a2hosting.com,https://www.a2hosting.com,ok,104.18.132.225,443.0,0.0,0.489726,0.471097,0.489831,0.0,1.971098,2.222898
6689,connectad.io,https://www.connectad.io,ok,104.22.54.206,443.0,0.0,1.988287,0.01644,1.988399,0.0,2.486328,2.486402
6690,google.ee,https://www.google.ee,ok,216.58.208.35,443.0,0.0,0.256767,0.239574,0.256883,0.0,0.482631,0.5089359999999999
6692,google.com.sv,https://www.google.com.sv,ok,172.217.22.3,443.0,0.0,0.250354,0.23852,0.250458,0.0,0.488484,0.51566
6696,google.com.cu,https://www.google.com.cu,ok,172.217.22.3,443.0,0.0,0.264059,0.246913,0.26418600000000003,0.0,0.496861,0.523913
6701,jugantor.com,https://www.jugantor.com,ok,172.67.14.228,443.0,0.0,0.02163,0.009846,0.021796,0.0,0.496475,1.001573
6736,hkgolden.com,https://www.hkgolden.com,ok,104.26.12.44,443.0,0.0,0.242132,0.012106,0.242247,0.0,0.256754,0.256825
6742,nobitex.ir,https://www.nobitex.ir,ok,172.67.137.245,443.0,0.0,0.4896680000000001,0.235526,0.4898,0.0,0.985463,1.009176
6746,google.com.gt,https://www.google.com.gt,ok,172.217.16.195,443.0,0.0,0.2429780000000001,0.015536,0.24311,0.0,0.491954,1.493213
6755,okp.com,https://www.okp.com,ok,23.227.38.74,443.0,0.0,0.244496,0.235465,0.244602,0.0,0.25145,0.251551
6759,mg.co.za,https://www.mg.co.za,ok,172.67.39.80,443.0,0.0,1.238102,0.011544,1.238216,0.0,1.483566,1.483646
6808,sennheiser.com,https://www.sennheiser.com,ok,104.17.62.185,443.0,0.0,0.491067,0.239854,0.4911720000000001,0.0,0.739912,0.740128
6819,google.cm,https://www.google.cm,ok,172.217.16.195,443.0,0.0,1.770876,0.0229,1.7709830000000002,0.0,1.994688,1.994833
6837,google.co.cr,https://www.google.co.cr,ok,216.58.208.35,443.0,0.0,0.244412,0.232328,0.244571,0.0,0.48228,0.5085810000000001
6889,bulbagarden.net,https://www.bulbagarden.net,ok,104.26.2.79,443.0,0.0,0.239716,0.228571,0.239818,0.0,0.721456,0.971493
6930,whatismyip.com,https://www.whatismyip.com,ok,104.27.201.87,443.0,0.0,0.247642,0.230066,0.247768,0.0,1.724229,1.7285080000000002
6951,mind.org.uk,https://www.mind.org.uk,ok,104.16.149.89,443.0,0.0,1.99563,0.0118,1.995748,0.0,2.235137,2.243374
6959,wuxiaworld.com,https://www.wuxiaworld.com,ok,104.26.15.174,443.0,0.0,0.013369999999999998,0.007802,0.013475,0.0,0.250055,0.26063400000000003
6984,camelcamelcamel.com,https://www.camelcamelcamel.com,ok,172.67.36.43,443.0,0.0,0.25862,0.232527,0.258728,0.0,0.981572,0.981726
6993,google.com.bo,https://www.google.com.bo,ok,172.217.18.99,443.0,0.0,0.250671,0.235466,0.250792,0.0,0.4728810000000001,0.4995350000000001
7031,yummly.com,https://www.yummly.com,ok,104.18.27.71,443.0,0.0,0.26627,0.011603,0.266376,0.0,0.498565,0.999962
7096,jagodangdut.com,https://www.jagodangdut.com,ok,172.67.135.8,443.0,0.0,0.496766,0.224623,0.496908,0.0,1.4745549999999998,1.504158
7105,google.com.np,https://www.google.com.np,ok,172.217.18.3,443.0,0.0,1.771018,0.020013,1.7711310000000002,0.0,1.996478,2.022631
7131,sammobile.com,https://www.sammobile.com,ok,104.20.203.54,443.0,0.0,1.510833,0.01166,1.510942,0.0,1.762782,1.99077
7139,businessoffashion.com,https://www.businessoffashion.com,ok,104.17.149.81,443.0,0.0,0.247151,0.23102,0.247259,0.0,0.481094,0.487837
7170,blogspot.be,https://www.blogspot.be,ok,172.217.23.169,443.0,0.0,0.483712,0.470977,0.483823,0.0,0.721046,0.74815
7188,goop.com,https://www.goop.com,ok,104.19.235.11,443.0,0.0,1.738221,0.014494,1.738333,0.0,2.236868,2.236948
7224,enotes.com,https://www.enotes.com,ok,172.67.68.40,443.0,0.0,1.26268,0.012544,1.26278,0.0,1.482453,1.491786
7254,rawgit.com,https://www.rawgit.com,ok,104.27.143.156,443.0,0.0,0.244163,0.229648,0.244287,0.0,0.4797270000000001,1.4805700000000002
7268,cyberciti.biz,https://www.cyberciti.biz,ok,104.22.11.214,443.0,0.0,0.018295,0.008440000000000001,0.018405,0.0,0.248741,0.253316
7311,smadex.com,https://www.smadex.com,ok,185.148.46.6,443.0,0.0,3.731206,0.226715,3.731335,0.0,3.9769,4.479272
7317,beforeitsnews.com,https://www.beforeitsnews.com,ok,172.67.14.110,443.0,0.0,0.244162,0.230471,0.244258,0.0,0.730234,0.730345
7322,skyscrapercity.com,https://www.skyscrapercity.com,ok,104.16.173.102,443.0,0.0,0.2487550000000001,0.237757,0.248869,0.0,0.492674,0.494748
7332,google.com.py,https://www.google.com.py,ok,216.58.206.3,443.0,0.0,0.245777,0.233686,0.245892,0.0,0.483699,0.511961
7365,google.com.bh,https://www.google.com.bh,ok,216.58.208.35,443.0,0.0,0.4971930000000001,0.485066,0.497317,0.0,0.735064,0.761745
7374,keywordtool.io,https://www.keywordtool.io,ok,172.67.71.65,443.0,0.0,0.47428,0.232374,0.474388,0.0,0.738684,0.738853
7383,listverse.com,https://www.listverse.com,ok,172.67.71.237,443.0,0.0,0.243579,0.015112,0.243781,0.0,0.7421399999999999,0.742214
7422,sportsmansoutdoorsuperstore.com,https://www.sportsmansoutdoorsuperstore.com,ok,104.26.4.119,443.0,0.0,0.240589,0.223149,0.240691,0.0,0.978422,1.2267290000000002
7461,opensubtitles.org,https://www.opensubtitles.org,ok,104.26.9.126,443.0,0.0,0.255025,0.2439530000000001,0.25515,0.0,0.49396,1.494881
7467,gymshark.com,https://www.gymshark.com,ok,23.227.38.74,443.0,0.0,0.25406,0.242116,0.25416700000000003,0.0,0.742186,0.74942
7485,yifysubtitles.org,https://www.yifysubtitles.org,ok,172.67.133.71,443.0,0.0,0.252416,0.234181,0.252495,0.0,0.484203,1.485352
7570,narrative.io,https://www.narrative.io,ok,199.60.103.226,443.0,0.0,0.493498,0.475763,0.493613,0.0,1.975516,1.986078
7573,jomashop.com,https://www.jomashop.com,ok,104.20.212.46,443.0,0.0,0.246073,0.232494,0.246199,0.0,0.7217939999999999,0.725817
7599,servimg.com,https://www.servimg.com,ok,104.28.0.55,443.0,0.0,4.4906,0.01897,4.49073,0.0,4.739159,4.739268
7608,zblogcn.com,https://www.zblogcn.com,ok,104.24.105.6,443.0,0.0,0.508321,0.486509,0.508424,0.0,2.74369,2.743803
7687,actionnetwork.org,https://www.actionnetwork.org,ok,104.22.13.105,443.0,0.0,0.25865900000000003,0.246713,0.25875,0.0,0.99676,0.998408
7703,shopifypreview.com,https://www.shopifypreview.com,ok,23.227.38.37,443.0,0.0,0.26252,0.239018,0.262631,0.0,0.489078,1.490317
7836,google.com.lb,https://www.google.com.lb,ok,172.217.21.195,443.0,0.0,0.248025,0.014858,0.248142,0.0,0.496305,1.497572
7853,redstate.com,https://www.redstate.com,ok,104.18.17.211,443.0,0.0,0.236802,0.225581,0.2369280000000001,0.0,0.249509,0.25145100000000004
7859,smarttradecoin.com,https://www.smarttradecoin.com,ok,172.67.69.151,443.0,0.0,0.246631,0.010587,0.246746,0.0,0.491495,0.491597
7868,brightlocal.com,https://www.brightlocal.com,ok,104.16.21.25,443.0,0.0,1.490051,0.00686,1.490147,0.0,1.726588,1.733732
7870,gotporn.com,https://www.gotporn.com,ok,104.26.1.144,443.0,0.0,0.248164,0.225902,0.248286,0.0,0.469865,0.4753810000000001
7886,workplace.com,https://www.workplace.com,ok,157.240.9.18,443.0,0.0,1.7532759999999998,0.229845,1.753382,0.0,1.979571,4.230273
7898,google.co.ke,https://www.google.co.ke,ok,172.217.22.67,443.0,0.0,0.5177470000000001,0.022205000000000003,0.517863,0.0,0.743405,0.743529
7926,chrono24.com,https://www.chrono24.com,ok,104.17.217.13,443.0,0.0,0.490318,0.012066,0.490442,0.0,0.734143,0.742635
7927,google.ge,https://www.google.ge,ok,142.250.74.195,443.0,0.0,0.242823,0.013613,0.242931,0.0,0.491508,0.491655
7930,google.cat,https://www.google.cat,ok,216.58.207.35,443.0,0.0,0.243008,0.229625,0.243132,0.0,0.468887,0.495053
7940,yankodesign.com,https://www.yankodesign.com,ok,104.26.6.118,443.0,0.0,0.019546,0.013685,0.019645,0.0,0.751102,0.760753
7966,apkmirror.com,https://www.apkmirror.com,ok,104.19.136.58,443.0,0.0,0.238408,0.231634,0.238523,0.0,0.255275,0.255418
7972,cloudflare-dns.com,https://www.cloudflare-dns.com,ok,104.16.248.249,443.0,0.0,0.247224,0.233057,0.247345,0.0,1.227804,1.231228
7984,google.com.kh,https://www.google.com.kh,ok,216.58.208.35,443.0,0.0,0.247914,0.015553,0.248036,0.0,0.4957180000000001,0.521894
8089,google.lu,https://www.google.lu,ok,172.217.23.99,443.0,0.0,0.973056,0.249603,0.973284,0.0,1.2226,2.22328
8138,chrome.com,https://www.chrome.com,ok,216.239.32.27,443.0,0.0,0.247219,0.234186,0.247335,0.0,0.250411,0.250499
8139,yangsenshoubao.com,https://www.yangsenshoubao.com,ok,104.31.67.244,443.0,0.0,0.254184,0.230731,0.254311,0.0,0.48062,0.480705
8149,destructoid.com,https://www.destructoid.com,ok,172.67.38.62,443.0,0.0,0.029727,0.010967,0.029838,0.0,0.249198,0.256311
8165,cibercuba.com,https://www.cibercuba.com,ok,172.67.73.112,443.0,0.0,0.242533,0.22896,0.242641,0.0,0.969959,1.22011
8170,smrtb.com,https://www.smrtb.com,ok,104.26.2.146,443.0,0.0,0.249491,0.237267,0.249605,0.0,0.47171,0.474546
8179,clutch.co,https://www.clutch.co,ok,172.67.83.47,443.0,0.0,1.732863,0.008992,1.7329990000000002,0.0,1.7485959999999998,1.748684
8202,blogspot.mx,https://www.blogspot.mx,ok,172.217.23.169,443.0,0.0,0.244964,0.234095,0.245094,0.0,0.484269,0.510454
8308,googlehosted.com,https://www.googlehosted.com,ok,172.217.23.161,443.0,0.0,0.255755,0.24178400000000005,0.25587,0.0,0.2588,0.258888
8323,ethnos.gr,https://www.ethnos.gr,ok,104.27.121.115,443.0,0.0,0.256263,0.23619,0.256356,0.0,0.486436,0.751967
8325,blogspot.ch,https://www.blogspot.ch,ok,172.217.23.169,443.0,0.0,0.483729,0.471956,0.483858,0.0,0.7218439999999999,0.7478199999999999
8345,moveon.org,https://www.moveon.org,ok,104.22.9.66,443.0,0.0,0.242057,0.234557,0.24217,0.0,0.254542,0.254661
8358,google.am,https://www.google.am,ok,172.217.18.163,443.0,0.0,0.241454,0.228564,0.241566,0.0,0.478542,0.505315
8384,gcu.edu,https://www.gcu.edu,ok,104.17.107.55,443.0,0.0,0.252696,0.234553,0.252818,0.0,0.484398,0.489288
8394,google.hn,https://www.google.hn,ok,172.217.23.163,443.0,0.0,0.241342,0.226248,0.241462,0.0,0.476256,0.4764140000000001
8400,google.com.om,https://www.google.com.om,ok,172.217.18.99,443.0,0.0,0.25605,0.233356,0.256155,0.0,0.4834890000000001,0.509828
8414,google.com.pr,https://www.google.com.pr,ok,172.217.23.131,443.0,0.0,0.239728,0.22641,0.239843,0.0,0.476559,0.503346
8434,google.cd,https://www.google.cd,ok,216.58.212.163,443.0,0.0,0.2420070000000001,0.229995,0.24215,0.0,0.483154,0.510516
8480,cookieconsent.com,https://www.cookieconsent.com,ok,104.24.108.21,443.0,0.0,1.7253169999999998,1.487808,1.725411,0.0,1.746123,1.974157
8490,google.com.ni,https://www.google.com.ni,ok,216.58.212.163,443.0,0.0,0.244015,0.231866,0.244154,0.0,0.487047,0.731939
8525,icook.tw,https://www.icook.tw,ok,104.17.188.91,443.0,0.0,2.242448,0.011449,2.242546,0.0,2.485811,3.486964
8569,jewishvirtuallibrary.org,https://www.jewishvirtuallibrary.org,ok,172.67.211.68,443.0,0.0,1.494047,0.008534,1.494201,0.0,1.512618,1.52229
8581,woyaowz.cn,https://www.woyaowz.cn,ok,104.18.46.3,443.0,0.0,1.722882,0.236317,1.722989,0.0,1.7438779999999998,1.746666
8591,ionicframework.com,https://www.ionicframework.com,ok,104.26.6.173,443.0,0.0,0.241173,0.012064,0.241285,0.0,0.2557,0.25577
8594,fee.org,https://www.fee.org,ok,104.26.11.62,443.0,0.0,0.240221,0.231045,0.24035,0.0,0.248709,0.248788
8611,zurb.com,https://www.zurb.com,ok,104.26.5.165,443.0,0.0,0.984548,0.009086,0.98466,0.0,0.99844,0.99851
8645,google.ci,https://www.google.ci,ok,216.58.207.35,443.0,0.0,3.754602,2.005477,3.754738,0.0,3.98045,3.980612
8663,blogspot.gr,https://www.blogspot.gr,ok,172.217.23.169,443.0,0.0,0.247515,0.236687,0.248186,0.0,0.486622,0.5133989999999999
8694,quantummetric.com,https://www.quantummetric.com,ok,104.22.53.252,443.0,0.0,0.239639,0.228815,0.239751,0.0,1.2204,1.223231
8705,weiqingbao.cc,https://www.weiqingbao.cc,ok,104.28.11.209,443.0,0.0,2.985844,2.970984,2.985943,0.0,3.220568,3.239506
8721,google.com.et,https://www.google.com.et,ok,216.58.207.67,443.0,0.0,0.2480570000000001,0.237501,0.248189,0.0,0.487504,0.515293
8722,vivo.sx,https://www.vivo.sx,ok,172.67.171.74,443.0,0.0,0.015399,0.003095,0.015506,0.0,0.244662,1.245662
8745,faucetpay.io,https://www.faucetpay.io,ok,172.64.106.24,443.0,0.0,0.25335100000000005,0.234702,0.253471,0.0,0.489084,1.489758
8753,newsbeast.gr,https://www.newsbeast.gr,ok,104.26.0.146,443.0,0.0,1.255572,0.008916,1.255663,0.0,1.729604,1.741829
8780,privacypolicygenerator.info,https://www.privacypolicygenerator.info,ok,104.18.55.150,443.0,0.0,0.239253,0.224619,0.239355,0.0,0.474628,0.494658
8810,accountkit.com,https://www.accountkit.com,ok,157.240.9.18,443.0,0.0,1.255563,0.007262999999999999,1.2556889999999998,0.0,1.7302799999999998,2.480567
8832,google.mu,https://www.google.mu,ok,172.217.23.163,443.0,0.0,1.75954,0.229499,1.759637,0.0,1.979505,1.979661
8876,google.mn,https://www.google.mn,ok,216.58.207.35,443.0,0.0,0.2381510000000001,0.226258,0.238263,0.0,0.476292,0.476461
8878,backblaze.com,https://www.backblaze.com,ok,104.20.45.48,443.0,0.0,0.478631,0.23949,0.478755,0.0,0.723805,0.725378
8890,123milhas.com,https://www.123milhas.com,ok,104.27.135.135,443.0,0.0,0.241313,0.01076,0.2414260000000001,0.0,0.734773,0.734901
8916,privacypolicyonline.com,https://www.privacypolicyonline.com,ok,104.27.165.62,443.0,0.0,2.506232,0.017976,2.506338,0.0,2.739786,2.739936
8937,carsforsale.com,https://www.carsforsale.com,ok,104.18.10.104,443.0,0.0,0.018146,0.010279,0.24732,0.0,0.260687,0.262893
8949,phillymag.com,https://www.phillymag.com,ok,104.18.2.164,443.0,0.0,0.249869,0.236253,0.249967,0.0,0.985967,0.990959
8960,gradeup.co,https://www.gradeup.co,ok,104.17.13.38,443.0,0.0,1.746395,0.010199,1.746507,0.0,1.979229,2.980289
8975,lectortmo.com,https://www.lectortmo.com,ok,104.26.14.85,443.0,0.0,2.009367,0.022734,2.009471,0.0,2.016741,2.016816
8997,blogblog.com,https://www.blogblog.com,ok,172.217.23.169,443.0,0.0,0.234181,0.223649,0.234293,0.0,0.973512,0.973601
9013,tailorbrands.com,https://www.tailorbrands.com,ok,104.19.174.21,443.0,0.0,0.234921,0.224131,0.235031,0.0,0.474004,0.484823
9015,top.gg,https://www.top.gg,ok,104.16.174.56,443.0,0.0,1.992048,0.014039,1.992162,0.0,2.010949,2.011039
9021,shiftdelete.net,https://www.shiftdelete.net,ok,172.67.73.179,443.0,0.0,1.984033,0.010113,1.984164,0.0,2.231338,2.261345
9033,vdo.ai,https://www.vdo.ai,ok,104.18.42.6,443.0,0.0,1.493556,0.012532,1.493652,0.0,1.739521,1.989614
9056,buymeacoffee.com,https://www.buymeacoffee.com,ok,104.26.10.39,443.0,0.0,1.499791,1.491088,1.499891,0.0,2.234065,2.243001
9060,blogspot.com.ar,https://www.blogspot.com.ar,ok,172.217.23.169,443.0,0.0,0.253777,0.239559,0.253891,0.0,0.489294,0.515482
9079,termly.io,https://www.termly.io,ok,104.19.255.88,443.0,0.0,0.238053,0.228029,0.2381530000000001,0.0,0.98819,0.988309
9084,google.com.pa,https://www.google.com.pa,ok,142.250.74.195,443.0,0.0,0.248481,0.2337,0.248603,0.0,0.472652,0.500143
9088,mb.com.ph,https://www.mb.com.ph,ok,141.193.213.20,443.0,0.0,0.244925,0.228528,0.245047,0.0,1.728272,1.728352
9094,nation.co.ke,https://www.nation.co.ke,ok,104.17.66.240,443.0,0.0,0.24645,0.023085,0.246551,0.0,0.4948,0.494879
9096,typing.com,https://www.typing.com,ok,104.19.184.44,443.0,0.0,0.254836,0.238782,0.254997,0.0,0.488771,0.501344
9104,blogspot.pt,https://www.blogspot.pt,ok,172.217.23.169,443.0,0.0,0.259769,0.247296,0.259892,0.0,0.497443,0.497569
9118,google.com.af,https://www.google.com.af,ok,172.217.22.99,443.0,0.0,1.743067,0.014968,1.743191,0.0,1.988882,2.015862
9125,sixflags.com,https://www.sixflags.com,ok,104.17.138.249,443.0,0.0,0.486391,0.47142,0.4865020000000001,0.0,0.7212529999999999,0.726953
9130,googlesource.com,https://www.googlesource.com,ok,74.125.133.82,443.0,0.0,0.243539,0.230418,0.243643,0.0,0.48059,0.7302960000000001
9132,rawpixel.com,https://www.rawpixel.com,ok,172.67.218.10,443.0,0.0,0.025353,0.010795,0.025471,0.0,0.994993,1.012065
9160,google.as,https://www.google.as,ok,216.58.210.3,443.0,0.0,1.000993,0.025071,1.001119,0.0,1.246056,1.246216
9191,google.is,https://www.google.is,ok,216.58.207.67,443.0,0.0,0.484061,0.472135,0.484185,0.0,0.7222850000000001,0.74947
9201,google.md,https://www.google.md,ok,172.217.16.131,443.0,0.0,0.237141,0.226851,0.23727,0.0,0.477088,0.503655
9263,google.ht,https://www.google.ht,ok,142.250.74.195,443.0,0.0,1.989034,0.014788,1.98917,0.0,2.237756,2.237904
9281,fragrantica.ru,https://www.fragrantica.ru,ok,104.16.140.242,443.0,0.0,0.246798,0.234627,0.246915,0.0,0.484626,1.4855459999999998
9283,hotair.com,https://www.hotair.com,ok,104.18.29.49,443.0,0.0,1.25272,0.008812,1.252851,0.0,1.7334919999999998,1.733591
9315,gizmochina.com,https://www.gizmochina.com,ok,104.26.14.207,443.0,0.0,0.242618,0.23118200000000005,0.242716,0.0,0.731023,0.736629
9335,defimedia.info,https://www.defimedia.info,ok,104.22.37.148,443.0,0.0,0.24262,0.228331,0.242723,0.0,1.97177,1.971945
9406,thimpress.com,https://www.thimpress.com,ok,104.26.4.142,443.0,0.0,0.244803,0.014318,0.244891,0.0,0.99153,0.991638
9412,google.com.mt,https://www.google.com.mt,ok,172.217.21.195,443.0,0.0,0.247118,0.233169,0.247244,0.0,0.483094,0.509279
9428,escapistmagazine.com,https://www.escapistmagazine.com,ok,104.20.56.160,443.0,0.0,0.2364,0.01592,0.236505,0.0,0.249449,0.249519
9451,bookshop.org,https://www.bookshop.org,ok,104.22.19.201,443.0,0.0,0.25403600000000004,0.239479,0.254155,0.0,0.264855,0.264925
9462,greatergood.com,https://www.greatergood.com,ok,104.18.28.61,443.0,0.0,0.020246,0.010028,0.020368,0.0,0.24187,0.241941
9473,cimaclub.io,https://www.cimaclub.io,ok,104.27.160.87,443.0,0.0,0.242374,0.22829,0.242486,0.0,0.47803,1.479058
9480,google.al,https://www.google.al,ok,172.217.18.163,443.0,0.0,1.725916,1.499574,1.726031,0.0,1.974735,2.000757
9481,steamdb.info,https://www.steamdb.info,ok,172.67.21.93,443.0,0.0,1.488053,0.014316,1.488144,0.0,1.498782,1.498853
9499,instamojo.com,https://www.instamojo.com,ok,104.20.93.103,443.0,0.0,0.770043,0.01465,0.770165,0.0,1.4930139999999998,1.745467
9519,gamefront.com,https://www.gamefront.com,ok,104.25.19.97,443.0,0.0,1.732075,0.01017,1.7321939999999998,0.0,4.980746,6.487807
9543,google.li,https://www.google.li,ok,172.217.18.3,443.0,0.0,0.245618,0.01532,0.245734,0.0,0.493379,0.7435039999999999
9581,sefon.pro,https://www.sefon.pro,ok,104.27.160.27,443.0,0.0,2.001457,0.011298,2.001573,0.0,2.016855,2.0169580000000003
9600,internetlivestats.com,https://www.internetlivestats.com,ok,170.249.202.148,443.0,0.0,2.249682,0.005934,2.2498080000000003,0.0,2.491849,2.7414650000000003
9601,google.ad,https://www.google.ad,ok,172.217.21.195,443.0,0.0,0.252795,0.240736,0.25289,0.0,0.490774,0.5168689999999999
9656,tecnoblog.net,https://www.tecnoblog.net,ok,172.67.70.69,443.0,0.0,1.497792,0.016316999999999998,1.497954,0.0,1.745179,1.745256
9689,familydoctor.org,https://www.familydoctor.org,ok,104.26.5.45,443.0,0.0,0.256905,0.249052,0.257027,0.0,2.248618,2.248761
9694,oceanwp.org,https://www.oceanwp.org,ok,104.31.93.164,443.0,0.0,0.743649,0.724117,0.743733,0.0,1.223918,1.223996
9722,google.co.mz,https://www.google.co.mz,ok,172.217.22.99,443.0,0.0,0.243898,0.23003,0.244018,0.0,0.479638,0.505653
9726,staples.ca,https://www.staples.ca,ok,23.227.38.74,443.0,0.0,0.233283,0.225507,0.23340300000000005,0.0,0.725642,0.732009
9738,google.co.bw,https://www.google.co.bw,ok,172.217.23.99,443.0,0.0,0.25062,0.240393,0.250744,0.0,0.490475,0.516674
9740,google.com.cy,https://www.google.com.cy,ok,172.217.21.195,443.0,0.0,0.242947,0.230698,0.243053,0.0,0.4865140000000001,0.732329
9743,publicintegrity.org,https://www.publicintegrity.org,ok,104.20.255.153,443.0,0.0,2.2436580000000004,0.242316,2.243768,0.0,2.257721,2.257818
9746,tamildhool.net,https://www.tamildhool.net,ok,172.67.73.187,443.0,0.0,0.252553,0.230032,0.252666,0.0,1.222118,1.242117
9788,google.co.ug,https://www.google.co.ug,ok,216.58.205.227,443.0,0.0,0.2472260000000001,0.015823,0.247329,0.0,0.495616,0.523961
9796,google.com.gh,https://www.google.com.gh,ok,172.217.18.99,443.0,0.0,0.246519,0.01433,0.246656,0.0,0.494912,0.4950640000000001
9800,applvn.com,https://www.applvn.com,ok,141.193.213.21,443.0,0.0,0.021802,0.014727,0.021925,0.0,0.242688,1.245607
9813,iisd.org,https://www.iisd.org,ok,172.67.26.116,443.0,0.0,0.251325,0.2416780000000001,0.251432,0.0,0.49637,0.741321
9820,specialized.com,https://www.specialized.com,ok,104.17.52.5,443.0,0.0,0.483685,0.232322,0.483808,0.0,0.732246,1.733542
9840,ttshow.tw,https://www.ttshow.tw,ok,104.26.12.171,443.0,0.0,0.260383,0.249396,0.260556,0.0,1.023025,1.7463990000000005
9845,google.la,https://www.google.la,ok,172.217.23.99,443.0,0.0,0.249195,0.017519,0.2493070000000001,0.0,0.498373,1.501619
9852,google.mg,https://www.google.mg,ok,216.58.210.3,443.0,0.0,0.248427,0.237891,0.258276,0.0,0.49278,0.737595
9857,blogspot.ro,https://www.blogspot.ro,ok,172.217.23.169,443.0,0.0,0.252578,0.238879,0.252701,0.0,0.476047,0.502255
9864,bostonmagazine.com,https://www.bostonmagazine.com,ok,104.18.3.164,443.0,0.0,0.243606,0.2374280000000001,0.243718,0.0,0.977649,0.983249
9872,google.sn,https://www.google.sn,ok,172.217.16.195,443.0,0.0,0.252885,0.238719,0.25300700000000004,0.0,0.488983,0.5155609999999999
9887,google.bs,https://www.google.bs,ok,172.217.18.99,443.0,0.0,0.252417,0.015413,0.252543,0.0,0.493424,0.519511
9892,google.co.uz,https://www.google.co.uz,ok,172.217.16.163,443.0,0.0,1.496086,0.015827,1.496205,0.0,1.737877,1.7380330000000002
